Date,Bid,Ask,Opening price,High price,Low price,Closing price,Average price,Total volume,Turnover,Trades
2022-12-30,13.85,13.86,14.05,14.07,13.8,13.8,13.898,136604,1898552.91,602
2022-12-29,14.05,14.07,13.86,14.09,13.72,14.06,13.936,152304,2121818.2,689
2022-12-28,13.87,13.89,13.78,14.11,13.74,13.86,13.891,98845,1373357.68,630
2022-12-27,13.9,13.96,13.95,14.22,13.65,13.84,13.843,137587,1904678.52,745
2022-12-23,13.88,13.9,13.3,14.0,13.3,13.9,13.872,110801,1537036.56,693
2022-12-22,13.74,13.78,13.74,13.88,13.56,13.74,13.741,232013,3188045.52,1098
2022-12-21,13.84,13.87,13.4,13.96,13.39,13.73,13.714,520508,7138130.24,1136
2022-12-20,13.3,13.33,13.46,13.51,13.15,13.29,13.343,768369,10252525.75,2450
2022-12-19,13.52,13.56,13.79,13.86,13.47,13.62,13.629,572283,7799331.48,1705
2022-12-16,13.59,13.63,14.41,14.52,13.39,13.79,13.81,1597548,22062302.06,3316
2022-12-15,14.39,14.41,14.83,14.89,14.35,14.42,14.51,562146,8156614.26,2107
2022-12-14,15.01,15.03,14.86,15.04,14.7,15.0,14.927,244590,3651005.65,967
2022-12-13,14.83,14.85,14.22,15.36,14.14,14.82,14.782,375414,5548515.33,1719
2022-12-12,14.44,14.46,14.67,14.77,14.33,14.42,14.495,279211,4047165.51,1628
2022-12-09,14.7,14.72,14.66,14.9,14.58,14.73,14.739,216134,3185526.91,1324
2022-12-08,14.71,14.73,14.67,14.82,14.37,14.67,14.578,397641,5796875.92,1135
2022-12-07,14.53,14.56,14.73,14.79,14.5,14.55,14.594,307850,4495606.26,1583
2022-12-05,14.88,14.91,14.78,15.11,14.78,14.91,14.928,256933,3835568.14,795
2022-12-02,14.75,14.78,14.51,14.99,14.51,14.78,14.749,158350,2335557.47,920
2022-12-01,14.53,14.55,14.92,14.92,14.46,14.58,14.614,234925,3433183.57,1143
2022-11-30,14.25,14.27,14.45,14.46,14.24,14.28,14.293,319191,4561799.69,1329
2022-11-29,14.29,14.32,14.41,14.55,14.24,14.34,14.348,180308,2587036.54,1170
2022-11-28,14.38,14.41,14.72,14.75,14.31,14.41,14.416,198873,2866872.66,886
2022-11-25,14.66,14.69,14.75,14.9,14.45,14.72,14.65,208645,3056527.68,1141
2022-11-24,14.85,14.88,14.51,15.05,14.51,14.91,14.873,262794,3908297.32,1418
2022-11-23,14.58,14.6,14.65,14.75,14.32,14.6,14.533,173079,2515250.64,1079
2022-11-22,14.76,14.79,14.7,14.9,14.5,14.78,14.757,112996,1667443.15,723
2022-11-21,14.71,14.73,14.85,14.94,14.68,14.76,14.773,161281,2382563.05,786
2022-11-18,14.94,14.97,14.56,14.97,14.42,14.94,14.888,244681,3642716.57,816
2022-11-17,14.62,14.64,14.71,14.83,14.38,14.61,14.594,233159,3402813.56,1013
2022-11-16,14.5,14.91,15.2,15.2,14.63,14.67,14.739,213388,3145047.61,1164
2022-11-15,15.15,15.17,15.31,15.31,14.93,15.1,15.097,332153,5014492.14,2264
2022-11-14,15.25,15.28,15.45,15.45,15.09,15.23,15.273,196654,3003418.49,1623
2022-11-11,15.41,15.44,15.25,15.65,15.05,15.41,15.372,314088,4828623.46,2364
2022-11-10,15.13,15.16,14.44,15.31,14.1,15.17,14.915,347365,5181977.56,1590
2022-11-09,14.61,14.63,14.41,14.63,14.02,14.57,14.471,175761,2543368.75,1369
2022-11-08,14.29,14.32,14.13,14.37,13.9,14.31,14.244,253167,3606053.55,1184
2022-11-07,14.11,14.15,14.4,14.68,14.04,14.13,14.252,355133,5061203.31,1960
2022-11-04,14.53,14.56,13.37,14.83,13.37,14.51,14.222,770600,10963233.73,3189
2022-11-03,12.99,13.04,13.52,13.6,12.91,13.01,13.108,621634,8148350.99,2549
2022-11-02,13.16,13.18,13.6,13.6,13.14,13.22,13.244,305402,4044698.81,1226
2022-11-01,13.53,13.56,13.09,13.87,13.09,13.6,13.664,391381,5349053.22,2322
2022-10-31,13.07,13.11,13.15,13.46,12.95,13.17,13.232,594762,7869755.0,2101
2022-10-28,13.13,13.15,13.67,13.67,13.02,13.15,13.185,230959,3045062.56,1639
2022-10-27,13.65,13.69,13.11,13.69,13.04,13.67,13.46,419920,5648199.31,1384
2022-10-26,13.19,13.22,13.0,13.24,12.79,13.21,13.086,353242,4621760.23,1679
2022-10-25,13.22,13.25,12.55,13.25,12.2,13.24,12.913,294221,3799354.4,1110
2022-10-24,12.38,12.4,12.68,12.79,12.33,12.4,12.462,280177,3491677.99,1086
2022-10-21,12.63,12.66,12.78,12.92,12.34,12.68,12.614,426896,5384825.37,1573
2022-10-20,12.64,12.66,12.66,12.78,12.44,12.7,12.64,372194,4704542.2,1903
2022-10-19,12.67,12.69,13.2,13.2,12.62,12.62,12.711,264451,3361456.04,1564
2022-10-18,13.02,13.04,13.02,13.18,12.86,13.05,13.033,251783,3281738.91,1451
2022-10-17,12.9,12.93,12.72,13.12,12.67,12.97,12.961,334460,4334829.48,1905
2022-10-14,12.67,12.7,12.26,12.79,12.19,12.72,12.587,363900,4580424.9,1870
2022-10-13,11.96,11.99,12.0,12.44,11.62,12.0,11.96,369330,4417093.65,1892
2022-10-12,12.05,12.08,12.01,12.23,11.93,12.09,12.077,366505,4426188.63,1593
2022-10-11,12.27,12.3,12.11,12.34,12.02,12.3,12.245,287715,3522572.17,869
2022-10-10,12.26,12.28,12.23,12.53,12.22,12.27,12.327,267218,3293567.48,1245
2022-10-07,12.35,12.37,12.92,12.92,12.28,12.33,12.495,279738,3496230.55,1334
2022-10-06,12.87,12.88,12.59,13.05,12.58,12.88,12.846,357911,4597784.56,1504
2022-10-05,12.54,12.56,13.19,13.2,12.42,12.56,12.663,336445,4260537.81,1151
2022-10-04,13.16,13.19,13.3,13.32,12.73,13.19,13.09,320691,4197866.43,1322
2022-10-03,13.05,13.07,13.04,13.06,12.59,13.06,12.908,468921,6052815.81,1802
2022-09-30,13.05,13.07,12.69,13.12,12.43,13.12,12.929,581951,7504129.18,1480
2022-09-29,12.63,12.65,12.64,12.68,12.26,12.68,12.549,507314,6365979.5,1915
2022-09-28,12.56,12.59,11.97,12.65,11.67,12.65,12.29,751263,9233052.56,2276
2022-09-27,11.95,11.98,12.3,12.42,11.87,11.97,12.109,502472,6089754.33,1821
2022-09-26,12.21,12.24,12.43,12.43,12.04,12.22,12.241,646140,7910017.96,1591
2022-09-23,12.5,12.52,12.46,12.61,12.11,12.43,12.384,351845,4356980.12,1577
2022-09-22,12.41,12.43,13.0,13.1,12.39,12.45,12.604,334670,4217677.65,1949
2022-09-21,13.23,13.25,12.99,13.51,12.97,13.19,13.234,388080,5139877.41,1801
2022-09-20,13.1,13.12,14.15,14.17,12.88,13.08,13.218,502434,6641226.89,2451
2022-09-19,14.14,14.17,15.09,15.18,14.1,14.11,14.453,390772,5648375.67,1457
2022-09-16,15.3,15.33,15.01,15.35,14.68,15.12,15.096,3484959,52607447.47,5136
2022-09-15,15.74,15.77,15.48,15.77,15.4,15.66,15.61,462251,7215852.13,2860
2022-09-14,15.57,15.59,16.3,16.39,15.51,15.53,15.657,502075,7861129.56,1766
2022-09-13,16.42,16.46,17.0,17.22,16.21,16.36,16.569,338834,5614117.63,2310
2022-09-12,16.97,16.99,17.11,17.38,16.85,17.01,17.057,356234,6076790.94,2487
2022-09-09,17.17,17.2,17.05,17.35,16.93,17.17,17.185,130904,2249600.99,1021
2022-09-08,17.07,17.14,16.72,17.37,16.72,17.05,17.081,245010,4184797.29,1623
2022-09-07,17.08,17.1,16.63,17.15,16.57,17.01,16.951,281657,4773554.62,1351
2022-09-06,16.63,16.65,16.3,16.75,16.29,16.61,16.632,245029,4074894.72,1493
2022-09-05,16.32,16.34,16.25,16.55,16.25,16.35,16.386,167497,2744688.2,1300
2022-09-02,16.65,16.67,16.18,16.68,16.17,16.68,16.531,173651,2870644.39,1256
2022-09-01,16.29,16.32,16.75,16.75,16.28,16.32,16.369,191052,3127288.13,1199
2022-08-31,16.69,16.73,16.4,16.88,16.38,16.71,16.709,324222,5416245.5,1656
2022-08-30,16.49,16.52,16.41,16.64,16.39,16.45,16.497,178712,2948296.47,1145
2022-08-29,16.37,16.39,16.3,16.54,16.19,16.41,16.43,165435,2718359.58,979
2022-08-26,16.37,16.39,16.74,16.85,16.35,16.37,16.608,324498,5391992.33,1102
2022-08-25,16.69,16.72,16.65,16.83,16.55,16.74,16.702,145317,2426204.03,662
2022-08-24,16.67,16.7,16.4,16.72,16.3,16.65,16.607,183493,3047887.18,919
2022-08-23,16.41,16.44,16.57,16.72,16.3,16.4,16.46,231309,3807374.52,978
2022-08-22,16.63,16.67,16.67,16.71,16.13,16.71,16.551,302191,5001179.9,1488
2022-08-19,16.17,16.19,16.8,16.95,16.13,16.16,16.35,324958,5313024.47,1448
2022-08-18,17.01,17.05,17.11,17.18,16.68,16.96,16.914,149689,2531595.1,926
2022-08-17,17.2,17.23,17.51,17.58,17.0,17.12,17.209,217884,3748458.79,991
2022-08-16,17.53,17.55,17.43,18.01,17.34,17.51,17.646,269066,4747986.45,1019
2022-08-15,18.01,18.06,18.22,18.29,17.98,18.01,18.086,97327,1760236.75,838
2022-08-12,18.07,18.1,18.0,18.13,17.87,18.12,18.073,209828,3792005.43,967
2022-08-11,18.05,18.08,18.2,18.26,18.05,18.05,18.127,151666,2749328.23,1050
2022-08-10,18.06,18.09,17.07,18.1,17.07,18.1,17.893,174281,3118469.45,780
2022-08-09,17.29,17.34,17.79,17.89,17.29,17.39,17.442,172266,3004765.14,765
2022-08-08,17.75,17.78,17.51,17.85,17.23,17.79,17.749,108469,1925202.53,622
2022-08-05,17.53,17.56,17.57,17.91,17.34,17.51,17.586,176667,3106869.76,1103
2022-08-04,17.6,17.63,17.48,17.62,17.21,17.58,17.523,195728,3429692.94,927
2022-08-03,17.34,17.36,16.7,17.48,16.7,17.31,17.309,184793,3198508.29,1045
2022-08-02,17.12,17.15,17.51,17.51,16.8,17.1,17.068,309256,5278275.31,1747
2022-08-01,17.49,17.52,17.38,17.57,17.28,17.51,17.487,274892,4807139.24,1042
2022-07-29,17.49,17.51,17.1,17.55,16.97,17.44,17.383,260935,4536653.9,1311
2022-07-28,16.92,16.94,16.31,16.96,16.29,16.96,16.726,180686,3021849.58,1076
2022-07-27,16.33,16.36,16.5,16.58,16.21,16.28,16.37,175767,2877321.71,998
2022-07-26,16.5,16.52,16.7,16.7,16.36,16.5,16.545,199452,3299191.36,959
2022-07-25,16.56,16.57,16.66,16.74,16.41,16.55,16.593,206056,3419176.47,1214
2022-07-22,16.64,16.66,16.1,16.74,16.03,16.66,16.585,203161,3369129.14,1319
2022-07-21,16.1,16.11,16.07,16.19,15.89,16.1,16.111,318024,5123785.82,1413
2022-07-20,16.07,16.09,15.83,16.18,15.68,16.07,16.023,139723,2238850.24,972
2022-07-19,15.73,15.76,15.75,15.83,15.6,15.83,15.759,234930,3702233.25,953
2022-07-18,15.67,15.7,15.5,15.84,15.47,15.69,15.699,157761,2476775.38,894
2022-07-15,15.43,15.46,14.95,15.46,14.85,15.45,15.284,181571,2775235.54,1061
2022-07-14,14.91,14.93,15.02,15.13,14.6,14.95,14.893,312202,4648246.3,1544
2022-07-13,15.04,15.07,15.04,15.18,14.83,15.02,15.024,201301,3024387.06,1065
2022-07-12,15.04,15.06,14.35,15.09,14.35,15.0,14.911,392512,5853049.05,1589
2022-07-11,15.15,15.2,14.86,15.38,14.75,15.2,15.21,258306,3928226.43,1048
2022-07-08,14.99,15.02,15.06,15.23,14.87,14.99,14.993,376071,5638376.86,1358
2022-07-07,15.28,15.3,15.45,15.59,15.05,15.24,15.242,436567,6654692.79,2433
2022-07-06,15.25,15.28,15.17,15.48,15.05,15.31,15.303,372178,5695458.83,1450
2022-07-05,14.99,15.03,14.4,15.1,14.4,15.05,14.907,506428,7545434.17,2210
2022-07-04,14.38,14.44,16.09,16.24,14.3,14.37,14.913,625302,9324448.7,2835
2022-07-01,16.4,16.42,16.4,16.85,16.26,16.42,16.46,348905,5743077.14,1524
2022-06-30,16.36,16.39,16.51,16.85,16.32,16.46,16.491,392840,6478438.45,1257
2022-06-29,17.06,17.08,17.7,17.7,16.59,17.02,16.914,485054,8206188.54,1100
2022-06-28,17.41,17.44,17.3,17.57,17.02,17.45,17.387,340612,5922008.89,1765
2022-06-27,17.39,17.42,17.13,17.42,16.98,17.41,17.276,457968,7911775.11,2211
2022-06-23,16.69,16.72,17.2,17.21,16.25,16.77,16.661,462833,7710863.5,1998
2022-06-22,17.19,17.21,16.41,17.32,16.4,17.15,16.977,322561,5475598.75,1476
2022-06-21,17.06,17.09,17.46,17.5,17.0,17.04,17.186,392111,6739644.61,1253
2022-06-20,17.28,17.3,16.84,17.35,16.84,17.35,17.22,171484,2952898.56,757
2022-06-17,16.88,16.94,16.2,16.93,16.2,16.81,16.765,1006727,16878204.79,2539
2022-06-16,16.31,16.34,17.75,17.75,15.95,16.24,16.336,292709,4781617.74,1612
2022-06-15,17.27,17.31,16.7,17.36,16.7,17.24,17.237,557566,9610431.03,1557
2022-06-14,17.1,17.14,17.3,17.3,16.63,17.04,16.855,670237,11300470.97,1878
2022-06-13,16.91,16.95,17.12,17.23,16.85,16.95,17.027,601437,10240660.38,1845
2022-06-10,17.44,17.46,17.1,17.64,17.1,17.38,17.359,313978,5450904.69,1335
2022-06-09,17.67,17.7,17.9,18.18,17.42,17.69,17.757,320607,5692342.06,1687
2022-06-08,18.23,18.26,17.8,18.28,17.8,18.28,18.194,324464,5903180.56,1311
2022-06-07,18.24,18.26,18.05,18.3,17.95,18.22,18.15,287112,5210830.34,1502
2022-06-06,18.1,18.13,17.91,18.22,17.82,18.11,18.05,216663,3911015.77,1308
2022-06-03,17.87,17.91,18.15,18.16,17.8,17.91,17.915,161845,2901235.55,721
2022-06-02,17.92,17.95,18.41,18.41,17.79,17.93,17.95,205797,3694128.65,1087
2022-06-01,18.18,18.21,18.67,18.67,18.08,18.22,18.193,569267,10357069.93,1806
2022-05-31,18.45,18.48,18.59,18.59,18.18,18.43,18.417,555685,10233837.49,1171
2022-05-30,18.51,18.55,18.42,18.76,18.32,18.49,18.529,101777,1885775.15,1189
2022-05-27,18.58,18.6,17.45,18.69,17.45,18.59,18.502,195733,3621564.29,1370
2022-05-25,18.25,18.27,18.26,18.46,18.14,18.19,18.236,229843,4191348.43,1136
2022-05-24,18.26,18.29,18.4,18.54,18.2,18.26,18.324,164628,3016645.52,1081
2022-05-23,18.41,18.44,18.26,18.5,18.15,18.43,18.369,150993,2773520.18,855
2022-05-20,18.21,18.25,18.3,18.53,18.16,18.26,18.303,587888,10760214.48,1065
2022-05-19,18.2,18.24,18.21,18.24,17.87,18.17,18.083,448487,8109858.23,1514
2022-05-18,18.19,18.21,17.94,18.3,17.94,18.21,18.175,263959,4797571.11,2065
2022-05-17,17.93,17.96,18.67,18.67,17.88,17.92,18.003,269427,4850664.63,1126
2022-05-16,18.02,18.05,17.64,18.2,17.47,18.04,18.011,269372,4851545.17,1863
2022-05-13,17.49,17.52,16.53,17.57,16.53,17.47,17.314,479816,8309654.93,2483
2022-05-12,17.54,17.62,17.59,17.69,16.78,17.54,17.387,333775,5802365.0,1521
2022-05-11,17.76,17.78,17.22,17.81,17.17,17.79,17.614,496930,8752640.72,1847
2022-05-10,17.24,17.27,16.77,17.49,16.7,17.22,17.254,347214,5990576.94,2033
2022-05-09,16.82,16.85,17.5,17.53,16.76,16.77,17.005,238513,4056369.77,1139
2022-05-06,17.66,17.68,17.64,18.26,17.48,17.57,17.723,411142,7287612.7,1860
2022-05-05,18.08,18.1,18.02,18.49,17.99,17.99,18.12,303342,5496509.79,1506
2022-05-04,17.92,17.95,18.89,18.89,17.89,17.89,18.081,284032,5136929.86,1726
2022-05-03,18.69,18.71,18.94,19.06,18.68,18.7,18.806,215881,4059827.78,1495
2022-05-02,18.92,18.94,18.93,19.38,18.45,18.94,19.021,292876,5571747.52,1353
2022-04-29,18.98,19.01,19.11,19.3,18.93,18.93,19.003,360194,6845520.47,1482
2022-04-28,19.19,19.22,19.3,19.51,19.08,19.21,19.298,212395,4099860.15,1162
2022-04-27,19.28,19.33,19.25,19.32,18.82,19.3,19.178,230673,4423160.63,1998
2022-04-26,19.11,19.14,19.15,19.41,19.04,19.12,19.21,192980,3708620.92,1328
2022-04-25,19.11,19.14,19.68,19.68,19.11,19.15,19.254,154496,2974832.86,1043
2022-04-22,19.67,19.71,19.9,20.02,19.65,19.65,19.757,185753,3670650.57,1230
2022-04-21,20.06,20.12,20.58,20.58,20.06,20.06,20.115,225540,4537405.12,681
2022-04-20,20.38,20.44,20.22,20.78,20.22,20.42,20.499,228542,4685430.25,1127
2022-04-19,20.36,20.4,21.2,21.2,20.36,20.4,20.465,207949,4255679.44,1026
2022-04-14,20.5,20.54,20.58,20.68,20.4,20.56,20.556,133872,2751949.82,797
2022-04-13,20.72,20.78,21.56,21.58,20.6,20.6,20.769,375871,7816969.16,1133
2022-04-12,21.5,21.56,21.72,21.74,21.38,21.56,21.541,223816,4820925.5,1076
2022-04-11,21.7,21.76,21.8,21.94,21.68,21.74,21.778,159407,3471404.56,792
2022-04-08,21.8,21.84,21.6,21.86,21.44,21.82,21.748,184333,4006783.61,932
2022-04-07,21.46,21.52,21.52,21.56,21.32,21.5,21.484,148203,3183885.47,641
2022-04-06,21.36,21.42,21.72,21.86,21.28,21.4,21.434,216773,4646739.43,788
2022-04-05,21.7,21.74,21.64,22.04,21.5,21.72,21.724,183846,3993562.7,1179
2022-04-04,22.0,22.04,21.92,22.1,21.74,22.04,22.018,159735,3516930.2,865
2022-04-01,21.78,21.84,21.48,21.84,21.26,21.82,21.697,190872,4139697.76,1016
2022-03-31,21.78,21.86,22.0,22.04,21.76,21.78,21.835,205385,4485053.51,957
2022-03-30,21.88,21.9,21.92,21.98,21.64,21.92,21.837,160297,3499789.84,967
2022-03-29,21.7,21.76,21.58,21.82,21.38,21.78,21.714,200544,4354380.2,790
2022-03-28,21.3,21.34,21.9,21.9,21.26,21.34,21.344,146853,3134407.6,772
2022-03-25,21.16,21.18,21.46,21.46,21.06,21.22,21.181,261012,5528238.1,1203
2022-03-24,21.04,21.1,21.86,21.86,20.96,21.1,21.136,238879,5049192.09,1240
2022-03-23,21.34,21.36,21.92,21.94,21.28,21.4,21.482,216457,4650420.77,1077
2022-03-22,21.88,21.94,22.0,22.02,21.68,21.86,21.835,308677,6739711.93,1486
2022-03-21,21.74,21.78,21.72,21.86,21.52,21.74,21.715,244997,5320151.48,1559
2022-03-18,21.58,21.62,21.5,21.72,21.2,21.72,21.653,940680,20364826.58,2289
2022-03-17,21.38,21.42,21.3,21.52,21.2,21.5,21.447,216936,4652442.21,1114
2022-03-16,21.38,21.42,21.66,21.66,21.24,21.44,21.453,843822,18096066.0,1296
2022-03-15,21.02,21.06,21.82,21.82,21.0,21.02,21.112,282106,5957467.04,1349
2022-03-14,21.3,21.34,21.4,21.6,21.22,21.34,21.364,403397,8617389.11,1676
2022-03-11,21.16,21.2,20.84,21.34,20.82,21.22,21.157,255531,5405925.53,1458
2022-03-10,20.74,20.78,21.1,21.22,20.46,20.84,20.755,408232,8472743.9,2129
2022-03-09,20.7,20.74,20.42,20.86,20.3,20.86,20.698,812949,16821032.82,2850
2022-03-08,20.12,20.16,20.0,20.54,19.98,20.14,20.187,350140,7069418.57,1757
2022-03-07,20.12,20.16,19.99,20.48,19.65,20.1,20.061,490040,9824351.05,2870
2022-03-04,20.36,20.4,20.44,20.72,20.26,20.26,20.348,293064,5964209.02,1337
2022-03-03,20.62,20.66,20.94,21.12,20.5,20.58,20.714,286571,5939372.18,1533
2022-03-02,21.02,21.04,20.4,21.06,20.36,20.96,20.828,332945,6933247.49,1311
2022-03-01,20.62,20.66,20.76,20.84,20.3,20.58,20.55,225987,4644261.95,1183
2022-02-28,20.66,20.7,20.04,20.76,20.04,20.76,20.632,369380,7619491.38,1426
2022-02-25,20.46,20.5,20.1,20.8,19.92,20.48,20.485,368567,7551084.3,2018
2022-02-24,20.0,20.02,19.6,20.38,19.52,19.9,19.884,850124,16962040.49,3021
2022-02-23,20.54,20.58,20.2,20.62,20.0,20.58,20.546,422468,8680309.8,1657
2022-02-22,20.26,20.3,19.66,20.5,19.66,20.28,20.305,356484,7239130.24,1216
2022-02-21,20.4,20.42,20.44,20.52,20.14,20.4,20.337,657848,13377416.35,1833
2022-02-18,20.36,20.4,20.34,20.62,20.28,20.3,20.406,431842,8792873.08,1291
2022-02-17,20.32,20.34,20.84,20.92,20.3,20.34,20.525,430777,8846735.79,1955
2022-02-16,20.56,20.64,20.0,20.72,20.0,20.58,20.566,329461,6771718.25,1304
2022-02-15,20.34,20.38,19.87,20.38,19.87,20.26,20.28,221305,4488111.63,1009
2022-02-14,20.1,20.14,20.08,20.22,19.79,20.08,20.065,320729,6435432.97,1494
2022-02-11,20.56,20.6,20.2,20.6,20.16,20.56,20.466,184953,3783605.94,839
2022-02-10,20.46,20.48,20.46,20.52,20.2,20.44,20.38,148062,3017418.95,948
2022-02-09,20.32,20.36,20.24,20.46,20.16,20.34,20.299,261092,5300022.24,1117
2022-02-08,20.14,20.18,20.24,20.44,20.1,20.12,20.232,518098,10483517.5,1255
2022-02-07,20.28,20.32,20.2,20.56,19.98,20.26,20.203,630555,12736670.26,1573
2022-02-04,20.08,20.12,20.2,20.32,20.06,20.06,20.153,217517,4383836.04,1135
2022-02-03,20.2,20.24,20.46,20.5,20.12,20.22,20.238,181690,3676836.57,882
2022-02-02,20.5,20.54,20.38,20.58,20.32,20.48,20.448,314663,6434357.33,1143
2022-02-01,20.38,20.42,20.36,20.7,20.32,20.32,20.412,268355,5478029.76,1019
2022-01-31,20.4,20.44,20.02,20.5,19.88,20.32,20.316,321301,6526729.41,1220
2022-01-28,20.1,20.16,20.02,20.26,20.02,20.12,20.142,250319,5043927.84,1012
2022-01-27,20.2,20.26,19.95,20.32,19.85,20.16,20.202,354544,7161251.59,1281
2022-01-26,20.06,20.12,19.8,20.18,19.75,20.02,20.025,260425,5215532.96,1391
2022-01-25,19.65,19.68,19.42,19.82,19.39,19.6,19.617,1074907,21128283.79,2308
2022-01-24,19.47,19.49,19.97,20.02,19.35,19.42,19.599,312486,6124108.57,2109
2022-01-21,20.1,20.14,20.1,20.32,19.97,20.1,20.12,237025,4768064.86,1186
2022-01-20,20.46,20.5,20.24,20.64,20.14,20.5,20.434,268085,5476111.74,1744
2022-01-19,20.04,20.06,19.56,20.24,19.5,20.08,20.05,301077,6036479.48,1712
2022-01-18,19.7,19.73,19.8,19.87,19.62,19.71,19.721,203299,4009323.25,1170
2022-01-17,19.87,19.9,20.2,20.2,19.57,19.85,19.807,218644,4330551.75,908
2022-01-14,19.79,19.82,20.02,20.16,19.79,19.79,19.878,257182,5113629.53,1255
2022-01-13,20.02,20.04,20.34,20.42,19.96,20.02,20.113,379855,7656293.72,1063
2022-01-12,20.3,20.34,20.28,20.42,20.14,20.34,20.282,1704268,34552353.82,997
2022-01-11,20.24,20.32,20.36,20.52,20.2,20.2,20.288,653067,13250492.48,1415
2022-01-10,20.34,20.36,20.98,21.02,20.28,20.3,20.382,526579,10729060.21,1112
2022-01-07,20.9,20.92,21.28,21.32,20.86,20.9,20.989,321296,6744075.22,1598
2022-01-05,21.34,21.36,21.68,21.7,21.32,21.36,21.484,196888,4232424.83,1177
2022-01-04,21.6,21.64,21.58,21.66,21.46,21.5,21.537,244617,5269202.98,1119
2022-01-03,21.46,21.5,21.2,21.78,21.2,21.52,21.575,190897,4119295.4,890
2021-12-30,21.2,21.24,21.06,21.24,20.98,21.24,21.189,191957,4065837.81,702
2021-12-29,21.06,21.1,21.32,21.32,20.88,21.08,21.081,179959,3793867.56,936
2021-12-28,21.2,21.24,21.1,21.32,21.1,21.22,21.228,132577,2814648.98,485
2021-12-27,21.08,21.12,20.78,21.18,20.72,21.1,21.012,492380,10346022.2,675
2021-12-23,20.78,20.82,20.52,20.84,20.52,20.78,20.779,141670,2943885.02,701
2021-12-22,20.62,20.66,20.5,20.7,20.48,20.64,20.62,180461,3720678.39,775
2021-12-21,20.58,20.6,20.34,20.6,20.34,20.52,20.522,201446,4134202.6,913
2021-12-20,20.38,20.42,20.68,20.8,20.34,20.34,20.466,360640,7384398.6,1688
2021-12-17,20.66,20.7,20.2,20.74,20.18,20.74,20.649,891164,18393975.62,2233
2021-12-16,20.24,20.28,20.32,20.5,20.22,20.28,20.293,307311,6236307.59,1071
2021-12-15,20.32,20.36,20.18,20.36,20.06,20.32,20.281,388200,7872264.63,1289
2021-12-14,20.04,20.06,20.36,20.42,19.97,19.97,20.141,333324,6716625.6,1370
2021-12-13,20.2,20.24,20.08,20.34,20.04,20.12,20.142,322069,6487177.02,1313
2021-12-10,20.32,20.36,20.22,20.7,20.16,20.3,20.365,267955,5456760.58,1208
2021-12-09,20.26,20.28,20.04,20.46,20.04,20.24,20.287,349401,7088272.98,1465
2021-12-08,20.0,20.06,20.6,20.72,19.89,19.96,20.194,477893,9655016.76,2291
2021-12-07,20.58,20.62,20.5,20.74,20.44,20.62,20.616,268126,5527598.46,1373
2021-12-03,20.38,20.42,20.24,20.76,20.24,20.38,20.536,353827,7271341.99,1621
2021-12-02,20.36,20.42,20.24,20.54,20.16,20.34,20.321,467225,9494025.22,1508
2021-12-01,20.32,20.34,20.16,20.42,20.16,20.32,20.321,234260,4760645.02,940
2021-11-30,20.32,20.36,20.16,20.48,20.04,20.28,20.262,467700,9476088.09,1567
2021-11-29,20.22,20.28,20.26,20.54,20.18,20.26,20.305,252944,5136338.47,1255
2021-11-26,20.24,20.28,20.5,20.84,20.18,20.26,20.496,464397,9503700.54,1738
2021-11-25,20.8,20.84,20.5,20.84,19.97,20.8,20.716,215184,4457240.29,958
2021-11-24,20.68,20.72,20.0,20.84,19.81,20.64,20.494,429288,8797197.87,1878
2021-11-23,20.34,20.38,20.92,20.92,20.22,20.22,20.386,489165,9974472.93,1508
2021-11-22,20.98,21.02,21.0,21.16,20.94,20.94,21.023,229422,4823694.04,1067
2021-11-19,21.16,21.18,21.02,21.24,20.94,21.16,21.151,308139,6516924.18,1521
2021-11-18,20.96,21.0,20.84,21.02,20.78,21.02,20.95,219916,4606854.72,905
2021-11-17,20.82,20.86,20.96,20.98,20.72,20.84,20.845,241244,5029031.88,868
2021-11-16,20.9,20.94,20.9,20.98,20.78,20.88,20.894,275408,5754821.92,834
2021-11-15,20.78,20.8,20.82,20.98,20.78,20.8,20.831,259527,5406635.61,775
2021-11-12,20.76,20.78,20.66,20.84,20.58,20.8,20.738,191007,3960759.87,919
2021-11-11,20.68,20.72,20.0,20.74,20.0,20.66,20.684,279097,5772583.58,938
2021-11-10,20.7,20.74,20.9,20.92,20.48,20.72,20.705,220152,4558417.55,933
2021-11-09,20.94,20.98,20.84,21.08,20.78,20.88,20.928,305742,6399922.24,1359
2021-11-08,20.82,20.84,20.78,20.98,20.68,20.86,20.846,403000,8400963.29,1435
2021-11-05,20.82,20.86,20.8,20.9,20.6,20.78,20.781,360544,7492741.63,1315
2021-11-04,20.86,20.92,20.46,21.04,19.76,20.86,20.6,655310,13514863.58,3134
2021-11-03,20.38,20.46,20.16,20.5,20.14,20.42,20.323,1320905,26888678.78,2144
2021-11-02,20.2,20.24,19.59,20.4,19.45,20.2,20.157,711906,14350265.38,2851
2021-11-01,19.44,19.47,19.2,19.46,19.2,19.45,19.386,13734764,277713346.03,1801
2021-10-29,19.33,19.35,19.58,19.78,19.22,19.33,19.381,336273,6518028.42,2031
2021-10-28,19.79,19.84,19.75,19.9,19.67,19.9,19.851,330692,6562776.45,1133
2021-10-27,19.72,19.73,19.54,19.77,19.46,19.77,19.713,238427,4699110.71,1031
2021-10-26,19.54,19.56,19.41,19.6,19.31,19.52,19.502,184365,3595447.3,894
2021-10-25,19.4,19.42,19.53,19.6,19.34,19.41,19.465,158797,3091115.72,924
2021-10-22,19.5,19.53,19.29,19.56,19.13,19.56,19.44,184984,3594988.7,804
2021-10-21,19.27,19.29,19.24,19.44,19.06,19.29,19.287,208924,4029284.69,1023
2021-10-20,19.11,19.14,19.09,19.25,19.05,19.2,19.179,443416,8503982.98,1446
2021-10-19,19.17,19.19,18.96,19.2,18.94,19.16,19.106,163275,3119430.64,830
2021-10-18,18.97,18.99,18.9,19.01,18.76,18.96,18.951,267289,5065220.39,1152
2021-10-15,18.9,18.93,18.84,18.95,18.63,18.95,18.846,312479,5888072.96,1255
2021-10-14,18.71,18.73,18.72,18.75,18.53,18.75,18.711,212991,3985010.85,874
2021-10-13,18.5,18.52,18.42,18.53,18.23,18.53,18.432,260406,4798983.41,1510
2021-10-12,18.4,18.42,18.4,18.44,18.05,18.41,18.382,410606,7547415.58,1318
2021-10-11,18.2,18.22,18.5,18.5,17.85,18.24,18.164,330583,6003448.52,1498
2021-10-08,18.1,18.12,18.31,18.49,18.1,18.14,18.17,322788,5865537.79,1296
2021-10-07,18.24,18.26,18.3,18.3,18.01,18.25,18.195,287623,5233277.54,1128
2021-10-06,17.85,17.87,17.93,17.95,17.65,17.89,17.821,354626,6319216.16,1530
2021-10-05,17.88,17.91,18.09,18.1,17.81,17.93,17.916,472996,8474142.79,1931
2021-10-04,18.02,18.04,18.17,18.24,18.01,18.05,18.089,308812,5587060.54,1331
2021-10-01,18.12,18.15,17.9,18.16,17.7,18.14,18.061,364586,6584473.92,1330
2021-09-30,17.92,17.94,18.19,18.34,17.91,17.91,18.013,452761,8156893.34,1957
2021-09-29,18.08,18.11,18.07,18.34,18.04,18.1,18.135,353482,6410154.74,1177
2021-09-28,18.04,18.06,18.71,18.71,18.04,18.08,18.207,271126,4936675.84,1310
2021-09-27,18.51,18.53,18.91,18.97,18.5,18.54,18.634,344055,6411819.53,1470
2021-09-24,18.89,18.91,19.3,19.35,18.85,18.89,18.944,178056,3372943.32,764
2021-09-23,19.26,19.27,19.4,19.45,19.17,19.3,19.265,265590,5117358.66,971
2021-09-22,19.07,19.09,19.19,19.36,19.02,19.06,19.107,259384,4956119.88,1267
2021-09-21,19.17,19.19,18.85,19.24,18.8,19.19,19.128,296707,5675124.74,1575
2021-09-20,18.93,18.95,18.93,18.98,18.74,18.91,18.876,370556,6994378.55,1831
2021-09-17,19.17,19.2,19.44,19.45,19.08,19.08,19.108,1414640,27033494.32,2272
2021-09-16,19.3,19.32,19.25,19.37,19.2,19.29,19.282,302184,5826828.99,1244
2021-09-15,19.23,19.25,19.62,19.62,19.23,19.25,19.307,287184,5545283.2,1144
2021-09-14,19.61,19.63,19.7,19.7,19.52,19.62,19.615,214147,4200546.43,1188
2021-09-13,19.62,19.64,19.6,19.74,19.51,19.63,19.611,361318,7085616.26,1456
2021-09-10,19.56,19.59,20.0,20.0,19.56,19.58,19.632,274876,5396531.7,1278
2021-09-09,19.65,19.67,19.53,19.66,19.48,19.63,19.607,490800,9622740.43,1279
2021-09-08,19.51,19.53,19.8,19.81,19.51,19.53,19.568,585540,11458993.26,2257
2021-09-07,19.73,19.75,20.12,20.12,19.73,19.78,19.829,336734,6677602.79,1367
2021-09-06,19.94,19.96,20.32,20.32,19.88,19.98,19.973,303526,6062262.92,1369
2021-09-03,20.2,20.24,20.28,20.36,20.12,20.24,20.215,1099255,22222179.24,1341
2021-09-02,20.22,20.26,21.12,21.12,20.2,20.28,20.789,1404063,29178239.3,2576
2021-09-01,21.08,21.12,21.06,21.12,20.66,21.08,20.915,2101378,43922139.48,1905
2021-08-31,20.56,20.6,20.98,21.04,20.42,20.6,20.606,495465,10207348.21,1721
2021-08-30,20.96,21.0,20.58,21.0,20.58,20.98,20.828,294814,6139666.62,838
2021-08-27,20.5,20.54,20.28,20.56,20.24,20.56,20.454,366580,7493801.94,1182
2021-08-26,20.2,20.24,20.28,20.28,20.08,20.22,20.205,434274,8774972.01,1246
2021-08-25,20.18,20.22,19.65,20.26,19.65,20.26,20.173,1881406,37940617.9,1705
2021-08-24,19.63,19.65,19.86,19.86,19.58,19.66,19.655,446298,8771444.8,1155
2021-08-23,19.74,19.75,19.84,19.88,19.55,19.77,19.746,338769,6688680.26,1805
2021-08-20,19.81,19.83,20.16,20.36,19.46,19.8,19.884,651457,12953188.1,3080
2021-08-19,20.36,20.4,19.96,20.84,19.59,20.46,20.155,949482,19135854.94,4362
2021-08-18,21.08,21.14,21.1,21.24,21.06,21.14,21.168,505838,10707624.66,1760
2021-08-17,21.08,21.1,21.0,21.2,20.76,21.14,21.118,574898,12140546.63,1153
2021-08-16,21.18,21.22,21.24,21.42,21.18,21.26,21.275,332560,7074953.71,1134
2021-08-13,21.2,21.24,20.98,21.36,20.96,21.24,21.227,247841,5260037.05,817
2021-08-12,21.0,21.04,20.94,21.16,20.92,21.0,21.023,241055,5068898.68,942
2021-08-11,21.1,21.12,20.92,21.16,20.9,21.1,21.046,293402,6174940.35,813
2021-08-10,20.9,20.94,20.9,21.14,20.82,20.88,20.963,449504,9424734.58,1255
2021-08-09,20.82,20.86,21.0,21.06,20.8,20.84,20.9,272452,5696642.8,974
2021-08-06,20.9,20.94,21.0,21.06,20.82,20.96,20.935,255784,5354231.31,1065
2021-08-05,20.98,21.0,20.86,21.16,20.84,21.0,21.041,307249,6465253.05,876
2021-08-04,20.88,20.9,20.8,21.02,20.76,20.86,20.891,333072,6957751.65,1005
2021-08-03,20.78,20.82,20.8,20.88,20.7,20.82,20.81,409390,8519077.75,1061
2021-08-02,20.8,20.82,20.84,20.96,20.78,20.8,20.818,454958,9471592.81,988
2021-07-30,20.8,20.84,20.4,20.86,20.38,20.76,20.709,550743,11404513.63,1750
2021-07-29,20.5,20.54,20.06,20.66,20.06,20.5,20.51,271688,5572419.93,1181
2021-07-28,20.6,20.64,20.64,20.78,20.48,20.66,20.639,347594,7173399.81,1209
2021-07-27,20.66,20.7,20.78,20.78,20.44,20.7,20.604,352224,7257137.82,1271
2021-07-26,20.6,20.64,20.98,21.0,20.62,20.64,20.804,464863,9670603.17,1004
2021-07-23,20.98,21.02,20.68,21.02,20.68,20.98,20.926,314358,6576887.66,1145
2021-07-22,20.7,20.74,20.86,20.92,20.62,20.68,20.709,309129,6400623.5,752
2021-07-21,20.76,20.78,20.6,20.92,20.6,20.82,20.796,247868,5154676.83,887
2021-07-20,20.66,20.68,20.6,20.82,20.6,20.7,20.699,273088,5652655.48,1101
2021-07-19,20.58,20.64,20.82,20.82,20.52,20.6,20.598,278519,5736882.78,1170
2021-07-16,20.78,20.82,20.56,20.82,20.56,20.82,20.768,236205,4904940.75,764
2021-07-15,20.52,20.54,20.66,20.74,20.48,20.54,20.573,279543,5751239.04,944
2021-07-14,20.66,20.68,20.6,20.68,20.44,20.66,20.6,318211,6554831.65,1135
2021-07-13,20.66,20.7,20.88,21.0,20.58,20.66,20.735,406763,8436087.0,1432
2021-07-12,20.86,20.9,20.56,20.92,20.56,20.92,20.839,314695,6557278.66,1188
2021-07-09,20.5,20.52,20.2,20.54,20.2,20.54,20.449,313481,6409832.76,1213
2021-07-08,20.16,20.22,20.16,20.38,20.12,20.2,20.215,276268,5585231.85,945
2021-07-07,20.18,20.22,20.18,20.3,20.0,20.22,20.193,465831,9405688.21,1379
2021-07-06,20.16,20.2,19.6,20.2,19.6,20.16,20.038,509503,10209489.46,1637
2021-07-05,19.63,19.64,19.6,19.69,19.57,19.65,19.637,101675,1996471.17,567
2021-07-02,19.53,19.55,19.36,19.6,19.32,19.6,19.499,208263,4060446.13,942
2021-07-01,19.3,19.32,19.27,19.37,19.2,19.34,19.316,233037,4501247.09,1037
2021-06-30,19.17,19.18,19.36,19.49,19.17,19.27,19.299,464364,8961834.36,1490
2021-06-29,19.39,19.41,19.46,19.55,19.38,19.4,19.438,1205189,23469322.43,808
2021-06-28,19.43,19.45,19.28,19.51,19.26,19.46,19.442,1515147,29310418.07,1473
2021-06-24,19.23,19.25,19.2,19.28,19.11,19.28,19.214,624141,11990432.24,1180
2021-06-23,19.17,19.19,19.29,19.36,19.17,19.18,19.245,459423,8841493.47,629
2021-06-22,19.26,19.28,19.2,19.32,19.18,19.32,19.277,195646,3771065.99,853
2021-06-21,19.2,19.22,19.21,19.27,19.13,19.19,19.197,319807,6140447.96,1196
2021-06-18,19.18,19.2,19.11,19.31,19.04,19.24,19.222,889590,17098559.09,2198
2021-06-17,19.05,19.07,19.42,19.43,19.03,19.08,19.105,446346,8527987.88,1364
2021-06-16,19.51,19.53,19.65,19.82,19.5,19.51,19.578,1012158,19888740.87,1841
2021-06-15,19.59,19.61,19.44,19.67,19.34,19.67,19.613,597743,11720638.54,1300
2021-06-14,19.39,19.41,19.22,19.46,19.22,19.44,19.413,331081,6427211.65,1280
2021-06-11,19.19,19.21,19.25,19.26,19.05,19.22,19.191,339072,6506024.19,955
2021-06-10,19.2,19.21,19.34,19.5,19.19,19.25,19.316,455949,8809193.05,1655
2021-06-09,19.42,19.44,19.28,19.45,19.21,19.43,19.342,954962,18483155.09,1425
2021-06-08,19.24,19.26,19.11,19.28,19.08,19.27,19.218,267543,5141450.96,769
2021-06-07,19.07,19.09,18.97,19.11,18.88,19.11,19.025,261265,4969482.21,964
2021-06-04,18.96,18.98,18.77,18.99,18.76,18.99,18.925,281420,5325465.42,1194
2021-06-03,18.76,18.78,18.93,18.98,18.74,18.78,18.823,572282,10775661.67,1570
2021-06-02,18.89,18.91,18.9,19.05,18.88,18.93,18.952,826170,15669451.04,1165
2021-06-01,18.83,18.85,18.71,18.91,18.66,18.88,18.834,761898,14356241.66,1235
2021-05-31,18.72,18.73,18.79,18.81,18.66,18.73,18.722,230829,4321650.06,659
2021-05-28,18.77,18.79,18.8,18.87,18.76,18.79,18.805,266546,5012407.65,975
2021-05-27,18.76,18.78,18.75,18.84,18.72,18.76,18.766,338057,6344072.85,952
2021-05-26,18.8,18.82,18.89,18.89,18.73,18.8,18.82,631182,11878780.28,1164
2021-05-25,18.84,18.86,18.46,18.89,18.46,18.81,18.781,477884,8974619.36,1786
2021-05-24,18.46,18.48,18.44,18.51,18.39,18.44,18.478,686646,12687179.93,1262
2021-05-21,18.41,18.43,18.38,18.44,18.24,18.44,18.386,387119,7116630.69,1345
2021-05-20,18.33,18.36,18.28,18.42,18.24,18.35,18.348,322516,5917455.11,1426
2021-05-19,18.18,18.2,18.31,18.34,18.17,18.23,18.232,455323,8307124.51,1026
2021-05-18,18.31,18.33,17.92,18.34,17.85,18.33,18.14,535853,9718667.48,1578
2021-05-17,17.88,17.9,17.85,18.1,17.85,17.88,17.923,632328,11333740.05,1207
2021-05-14,17.84,17.86,17.78,17.96,17.71,17.85,17.835,569211,10150899.08,1836
2021-05-12,17.77,17.78,17.8,18.02,17.67,17.78,17.834,431054,7682303.45,1481
2021-05-11,17.8,17.83,17.98,17.98,17.68,17.82,17.802,389575,6934863.96,1343
2021-05-10,17.95,17.97,17.97,18.13,17.93,17.97,18.002,292985,5274442.74,1346
2021-05-07,17.93,17.95,17.85,17.99,17.8,17.93,17.913,360589,6459496.05,1283
2021-05-06,17.88,17.9,17.82,17.93,17.73,17.9,17.865,413840,7392933.47,1229
2021-05-05,17.83,17.86,17.93,18.04,17.79,17.82,17.869,274987,4913596.2,1279
2021-05-04,17.88,17.9,18.11,18.16,17.85,17.93,17.952,301536,5413508.22,1337
2021-05-03,17.97,18.0,18.03,18.13,17.93,17.97,18.004,267298,4812569.44,1064
2021-04-30,18.02,18.03,18.0,18.07,17.93,18.03,18.018,348428,6277704.38,1014
2021-04-29,17.96,17.97,17.94,18.05,17.91,17.99,17.987,299815,5392877.22,1289
2021-04-28,17.91,17.93,17.9,17.94,17.78,17.91,17.881,289159,5170357.76,1042
2021-04-27,17.83,17.85,17.9,17.9,17.77,17.86,17.832,404954,7217458.33,1210
2021-04-26,17.82,17.84,17.85,17.9,17.74,17.88,17.844,300011,5352801.14,1419
2021-04-23,17.81,17.83,18.0,18.03,17.74,17.87,17.85,402532,7183726.86,1505
2021-04-22,17.94,17.96,17.8,17.99,17.74,17.96,17.941,442727,7941827.38,1389
2021-04-21,17.78,17.8,17.91,17.95,17.77,17.8,17.874,512014,9151592.08,1345
2021-04-20,17.81,17.84,17.83,17.9,17.74,17.9,17.856,563228,10056172.08,1616
2021-04-19,17.77,17.79,17.8,17.85,17.71,17.82,17.801,329504,5865045.57,1333
2021-04-16,17.62,17.64,17.52,17.72,17.48,17.68,17.639,405036,7144397.47,1246
2021-04-15,17.46,17.48,17.35,17.52,17.3,17.49,17.481,826808,14451616.65,1277
2021-04-14,17.31,17.32,17.36,17.43,17.23,17.34,17.321,231156,4003558.31,1067
2021-04-13,17.34,17.36,17.27,17.4,17.21,17.36,17.333,416720,7221768.88,1025
2021-04-12,17.28,17.29,17.21,17.31,17.17,17.29,17.263,329318,5684198.7,1178
2021-04-09,17.18,17.2,17.26,17.28,17.12,17.21,17.194,294246,5059128.79,1141
2021-04-08,17.23,17.25,17.36,17.4,17.21,17.26,17.271,336337,5808782.52,1293
2021-04-07,17.29,17.3,16.96,17.34,16.92,17.27,17.154,967638,16552523.73,1742
2021-04-06,16.87,16.89,16.82,16.92,16.73,16.92,16.856,459545,7745800.32,1605
2021-04-01,16.73,16.75,16.74,16.89,16.62,16.71,16.737,341131,5709418.63,1162
2021-03-31,16.64,16.66,16.7,16.76,16.6,16.68,16.682,481750,8037827.89,1229
2021-03-30,16.6,16.64,16.68,16.72,16.54,16.68,16.66,380731,6342702.7,698
2021-03-29,16.62,16.64,16.72,16.74,16.62,16.68,16.682,336309,5610307.32,892
2021-03-26,16.64,16.66,16.8,16.84,16.6,16.68,16.706,476124,7954150.69,1326
2021-03-25,16.54,16.56,16.68,16.68,16.46,16.6,16.583,533720,8850431.67,1477
2021-03-24,16.54,16.58,16.4,16.58,16.3,16.56,16.46,491024,8080300.24,1473
2021-03-23,16.36,16.4,16.08,16.42,16.0,16.4,16.34,648102,10588580.84,1567
2021-03-22,16.04,16.06,16.28,16.3,15.82,16.08,16.041,386914,6206331.29,1271
2021-03-19,15.94,15.96,15.9,16.08,15.78,16.02,15.974,1385891,22138053.76,2836
2021-03-18,15.84,15.86,16.06,16.06,15.76,15.84,15.89,699372,11113006.92,2314
2021-03-17,16.38,16.4,16.66,16.68,16.18,16.34,16.327,592568,9674684.2,1603
2021-03-16,16.68,16.7,16.56,16.78,16.5,16.66,16.683,481960,8041085.99,1354
2021-03-15,16.5,16.54,16.34,16.52,16.3,16.5,16.446,405415,6667389.54,1256
2021-03-12,16.26,16.28,16.4,16.42,16.24,16.24,16.322,420987,6871544.6,1460
2021-03-11,16.4,16.42,16.4,16.42,16.22,16.4,16.35,457905,7486645.89,1663
2021-03-10,16.32,16.34,15.98,16.36,15.9,16.32,16.234,604211,9808357.41,1718
2021-03-09,15.98,16.0,16.02,16.12,15.94,15.96,15.989,457042,7308250.02,1311
2021-03-08,16.0,16.02,16.14,16.14,15.94,16.02,16.037,378651,6072191.71,1414
2021-03-05,16.06,16.08,16.14,16.14,15.88,16.1,16.015,646884,10358477.9,1942
2021-03-04,16.1,16.14,16.0,16.18,15.92,16.1,16.074,498892,8018392.22,1812
2021-03-03,15.98,16.02,16.06,16.18,15.86,16.0,15.97,489804,7821959.48,1722
2021-03-02,15.94,15.96,16.0,16.1,15.88,15.96,15.972,475346,7592694.81,1595
2021-03-01,15.94,15.98,16.14,16.14,15.9,15.98,15.99,387702,6199555.26,1508
2021-02-26,15.82,15.86,15.9,15.98,15.64,15.88,15.875,740715,11759231.93,1896
2021-02-25,15.98,16.0,15.86,16.06,15.74,16.0,15.915,576018,9167313.69,1800
2021-02-24,15.84,15.88,16.04,16.14,15.74,15.84,15.879,560776,8904358.88,2250
2021-02-23,15.98,16.02,16.38,16.64,15.98,15.98,16.129,643661,10381715.57,2297
2021-02-22,16.32,16.36,16.28,16.4,15.96,16.34,16.186,749371,12128221.95,3013
2021-02-19,16.28,16.3,16.76,16.78,16.24,16.24,16.454,750393,12351051.72,2925
2021-02-18,16.74,16.76,17.56,17.6,16.68,16.68,16.853,1127060,19081844.59,3324
2021-02-17,17.58,17.62,17.6,17.62,17.4,17.6,17.55,350789,6155961.17,1188
2021-02-16,17.5,17.54,17.58,17.76,17.5,17.5,17.594,244866,4308374.39,1078
2021-02-15,17.56,17.58,17.54,17.6,17.4,17.54,17.509,231289,4049451.22,918
2021-02-12,17.5,17.54,17.58,17.6,17.42,17.54,17.52,414295,7258123.39,1437
2021-02-11,17.52,17.54,17.34,17.54,17.24,17.54,17.444,240870,4201363.16,1065
2021-02-10,17.32,17.34,17.74,17.74,17.32,17.34,17.455,351331,6133835.18,1360
2021-02-09,17.68,17.72,17.7,17.74,17.54,17.7,17.667,379722,6707405.98,1273
2021-02-08,17.64,17.68,17.7,17.74,17.54,17.64,17.639,250778,4423384.01,968
2021-02-05,17.64,17.68,17.92,18.02,17.58,17.68,17.743,405028,7185686.19,1453
2021-02-04,17.88,17.9,17.96,17.98,17.84,17.9,17.906,375063,6716074.4,1304
2021-02-03,17.94,17.96,17.96,18.04,17.8,17.92,17.937,490114,8791401.75,1341
2021-02-02,17.9,17.92,17.9,18.14,17.78,17.9,17.938,325782,5843871.09,1289
2021-02-01,17.92,17.94,17.56,17.96,17.56,17.9,17.816,348844,6214777.61,1451
2021-01-29,17.54,17.56,17.98,17.98,17.52,17.58,17.609,614038,10813067.58,1783
2021-01-28,17.64,17.68,17.72,17.8,17.44,17.66,17.626,435885,7682565.93,1685
2021-01-27,17.72,17.74,17.78,17.96,17.68,17.74,17.767,446452,7932623.61,1575
2021-01-26,17.8,17.82,18.06,18.14,17.74,17.82,17.897,495176,8862407.84,1346
2021-01-25,18.06,18.1,18.14,18.18,17.9,18.02,18.014,296010,5332392.03,1102
2021-01-22,18.1,18.12,17.78,18.2,17.66,18.12,18.031,698053,12584488.95,1601
2021-01-21,17.76,17.8,18.18,18.2,17.74,17.78,17.886,535988,9588748.89,1530
2021-01-20,18.08,18.12,18.1,18.2,18.02,18.14,18.13,377124,6837408.92,1177
2021-01-19,18.04,18.06,18.18,18.28,18.04,18.1,18.152,685033,12435103.67,1173
2021-01-18,18.12,18.14,18.16,18.24,18.02,18.16,18.125,232178,4208264.57,876
2021-01-15,18.16,18.18,18.2,18.2,18.0,18.16,18.115,299785,5430527.71,1201
2021-01-14,18.06,18.08,18.02,18.28,18.0,18.12,18.116,387737,7024637.78,1229
2021-01-13,18.22,18.26,17.9,18.28,17.9,18.22,18.16,477533,8670277.5,1439
2021-01-12,17.98,18.02,17.88,18.12,17.76,18.02,18.004,508088,9147557.81,1675
2021-01-11,17.9,17.94,18.04,18.14,17.88,17.9,17.96,505569,9080243.79,1678
2021-01-08,17.96,18.0,17.86,18.1,17.68,18.02,17.97,501534,9012081.0,1579
2021-01-07,17.6,17.62,18.44,18.44,17.6,17.64,17.798,738585,13149314.23,2692
2021-01-05,17.92,17.94,18.4,18.4,17.86,17.98,18.036,539260,9726923.05,1863
2021-01-04,18.38,18.4,18.16,18.5,18.06,18.4,18.376,733832,13484217.47,1959
2020-12-30,18.08,18.1,18.16,18.32,18.04,18.1,18.158,369973,6718294.14,1264
2020-12-29,18.12,18.14,17.96,18.2,17.9,18.16,18.123,320643,5810963.87,1248
2020-12-28,17.82,17.84,17.92,18.0,17.7,17.88,17.838,175256,3125722.76,765
2020-12-23,17.88,17.92,17.7,17.94,17.66,17.9,17.832,237822,4240787.48,929
2020-12-22,17.7,17.72,17.8,17.8,17.6,17.68,17.685,403402,7134534.7,1427
2020-12-21,17.68,17.72,18.12,18.12,17.56,17.7,17.748,722389,12822471.51,2743
2020-12-18,18.0,18.02,17.92,18.1,17.86,17.94,17.961,1325009,23798943.75,3161
2020-12-17,17.9,17.92,17.6,17.94,17.5,17.92,17.804,681777,12136502.34,2433
2020-12-16,17.54,17.58,17.5,17.64,17.42,17.6,17.563,1002021,17598199.9,1452
2020-12-15,17.38,17.4,17.6,17.64,17.28,17.38,17.453,834469,14564648.67,2225
2020-12-14,17.52,17.56,17.38,17.6,17.18,17.6,17.458,755491,13188608.59,2020
2020-12-11,17.2,17.24,17.38,17.42,17.08,17.3,17.272,509139,8792760.64,1554
2020-12-10,17.28,17.32,17.18,17.34,17.04,17.34,17.236,714647,12315745.95,2229
2020-12-09,17.16,17.2,17.46,17.46,17.14,17.2,17.225,619166,10664539.38,2147
2020-12-08,17.4,17.42,17.2,17.44,17.12,17.44,17.326,796877,13805869.83,2669
2020-12-07,17.2,17.22,17.2,17.24,16.94,17.18,17.121,672966,11521872.42,2415
2020-12-04,17.02,17.06,17.4,17.4,16.94,17.04,17.077,806464,13773360.83,2770
2020-12-03,17.28,17.32,16.98,17.32,16.86,17.3,17.117,1014209,17359447.41,3248
2020-12-02,16.72,16.76,17.38,17.52,16.74,16.78,17.002,960155,16324643.63,3413
2020-12-01,17.3,17.34,17.4,17.58,17.3,17.36,17.445,1129773,19709785.69,3126
2020-11-30,17.3,17.34,17.52,17.52,17.22,17.5,17.488,4992257,87300277.2,2622
2020-11-27,17.5,17.52,17.52,17.54,17.38,17.52,17.478,508192,8882229.41,1842
2020-11-26,17.46,17.5,17.56,17.68,17.44,17.52,17.557,422710,7421450.48,1746
2020-11-25,17.5,17.54,17.2,17.6,17.04,17.54,17.419,780630,13597439.22,2821
2020-11-24,17.1,17.12,17.6,17.6,17.04,17.06,17.156,984113,16884309.99,3183
2020-11-23,17.5,17.54,17.5,17.64,17.18,17.52,17.503,1078794,18883556.42,3258
2020-11-20,17.12,17.16,17.08,17.2,16.98,17.16,17.137,785881,13467759.5,2045
2020-11-19,17.04,17.08,17.28,17.32,17.02,17.06,17.151,742163,12730254.28,1993
2020-11-18,17.28,17.32,17.28,17.66,17.22,17.32,17.471,1076702,18811725.84,2980
2020-11-17,17.28,17.32,17.22,17.38,16.96,17.28,17.22,610059,10504743.73,2212
2020-11-16,17.26,17.28,17.44,17.44,17.24,17.26,17.315,587171,10167077.24,2443
2020-11-13,17.32,17.34,17.54,17.56,17.24,17.3,17.362,623440,10823946.18,2354
2020-11-12,17.52,17.56,17.58,17.86,17.38,17.52,17.574,1211436,21291594.38,3461
2020-11-11,17.74,17.78,17.58,17.92,17.46,17.7,17.726,836244,14823126.21,3296
2020-11-10,17.54,17.58,17.54,17.7,17.22,17.58,17.44,1126727,19647603.17,3862
2020-11-09,17.38,17.42,17.7,18.5,17.36,17.48,17.807,1277962,22758668.11,4939
2020-11-06,17.6,17.64,17.7,17.8,17.26,17.58,17.551,941666,16508906.44,3333
2020-11-05,17.52,17.54,17.84,18.04,17.36,17.54,17.642,1364139,24066981.53,4922
2020-11-04,18.14,18.18,18.4,18.4,17.9,18.22,18.115,856829,15517158.56,2643
2020-11-03,17.9,17.94,17.92,18.18,17.74,17.98,17.934,1103458,19799782.67,3165
2020-11-02,17.82,17.84,17.72,18.06,17.6,17.9,17.885,751424,13439728.94,2755
2020-10-30,17.6,17.62,17.24,17.8,17.24,17.7,17.644,597033,10533174.59,2213
2020-10-29,17.58,17.6,17.4,17.8,17.4,17.56,17.616,720667,12694835.13,2642
2020-10-28,17.36,17.4,17.68,17.88,17.3,17.4,17.538,847431,14860692.33,3058
2020-10-27,17.72,17.76,17.76,17.88,17.54,17.68,17.702,771127,13651196.64,2641
2020-10-26,17.78,17.8,17.94,17.96,17.64,17.76,17.773,551785,9807139.27,2144
2020-10-23,17.96,17.98,18.14,18.14,17.86,17.94,17.982,628691,11304973.99,2196
2020-10-22,17.9,17.92,17.88,18.04,17.68,17.9,17.901,859419,15384343.83,2282
2020-10-21,17.86,17.88,18.26,18.26,17.86,17.9,17.981,613603,11034602.05,2150
2020-10-20,18.18,18.22,18.3,18.34,18.14,18.2,18.233,515131,9392406.19,1649
2020-10-19,18.2,18.22,18.3,18.64,18.2,18.3,18.392,626031,11514543.02,2014
2020-10-16,18.24,18.26,18.44,18.48,18.18,18.24,18.257,586688,10711909.2,1792
2020-10-15,18.42,18.44,18.4,18.46,18.18,18.4,18.353,644803,11833978.08,2717
2020-10-14,18.36,18.4,18.56,18.6,18.2,18.36,18.362,761707,13988717.86,2473
2020-10-13,18.54,18.56,18.66,18.76,18.44,18.56,18.524,986350,18271556.0,2630
2020-10-12,18.54,18.58,18.8,18.8,18.4,18.62,18.577,865871,16085187.75,2835
2020-10-09,18.38,18.4,18.28,18.42,18.2,18.38,18.324,602742,11043678.57,2055
2020-10-08,18.24,18.28,18.2,18.34,18.02,18.26,18.231,553189,10084720.62,1790
2020-10-07,18.18,18.2,18.42,18.42,18.06,18.24,18.183,940924,17107144.89,2337
2020-10-06,18.24,18.26,18.28,18.36,18.0,18.26,18.189,1179004,21445196.85,3247
2020-10-05,18.22,18.24,18.3,18.54,18.2,18.24,18.286,720912,13183342.3,2240
2020-10-02,18.24,18.28,18.2,18.42,18.06,18.28,18.298,860447,15744225.08,2111
2020-10-01,18.18,18.2,18.44,18.62,18.16,18.2,18.311,1163768,21312030.98,3488
2020-09-30,18.28,18.32,18.22,18.4,18.18,18.34,18.32,698499,12796989.5,2083
2020-09-29,18.26,18.3,18.4,18.52,18.14,18.26,18.249,899136,16412159.58,2081
2020-09-28,18.4,18.44,18.44,18.74,18.28,18.38,18.523,1218237,22565916.08,3464
2020-09-25,18.2,18.26,19.08,19.12,18.16,18.28,18.437,1163402,21454325.39,3517
2020-09-24,18.98,19.02,19.02,19.34,18.9,18.9,19.039,975247,18570593.3,2391
2020-09-23,19.08,19.12,19.22,19.26,19.04,19.12,19.143,630756,12077243.99,2726
2020-09-22,19.02,19.06,19.28,19.44,18.82,19.06,19.105,953870,18223259.44,2941
2020-09-21,18.9,18.92,19.06,19.18,18.42,18.96,18.878,1413039,26665390.88,4093
2020-09-18,19.1,19.12,19.14,19.4,19.04,19.06,19.086,4486607,85632921.62,4807
2020-09-17,19.22,19.26,19.3,19.42,19.04,19.24,19.219,978752,18809648.63,3669
2020-09-16,19.28,19.32,19.56,19.8,19.24,19.3,19.42,748793,14542390.74,2925
2020-09-15,19.44,19.48,19.46,19.6,19.28,19.5,19.47,615317,11979899.22,2956
2020-09-14,19.18,19.24,19.32,19.48,19.08,19.28,19.245,675070,12991665.62,2618
2020-09-11,19.2,19.24,19.3,19.5,19.12,19.26,19.293,773525,14923641.66,3319
2020-09-10,19.1,19.12,19.0,19.24,18.84,19.16,19.076,2155982,41128192.57,6046
2020-09-09,19.86,19.92,19.74,20.0,19.58,19.88,19.815,863010,17097125.04,2783
2020-09-08,19.74,19.78,20.0,20.0,19.68,19.76,19.817,581015,11514300.93,2194
2020-09-07,19.88,19.92,19.3,20.05,19.04,19.9,19.85,451180,8955759.57,1847
2020-09-04,19.42,19.46,20.05,20.05,19.32,19.46,19.672,870794,17126342.41,3266
2020-09-03,20.1,20.15,20.5,20.75,20.1,20.25,20.416,516038,10536851.34,2096
2020-09-02,20.45,20.5,20.65,20.75,20.25,20.55,20.534,524790,10775345.3,1596
2020-09-01,20.55,20.6,20.3,20.65,20.0,20.65,20.404,569039,11609299.09,1920
2020-08-31,20.2,20.25,20.0,20.3,19.6,20.3,20.083,520794,10457473.49,1526
2020-08-28,20.05,20.1,20.35,20.35,19.82,20.0,20.009,308749,6178240.48,1190
2020-08-27,20.15,20.2,20.35,20.65,20.1,20.2,20.353,402589,8194432.35,1577
2020-08-26,20.6,20.65,20.75,21.35,20.45,20.65,20.893,613446,12815748.52,2174
2020-08-25,20.65,20.7,20.6,20.95,20.3,20.6,20.625,586525,12096328.06,1918
2020-08-24,20.5,20.55,20.9,21.1,20.5,20.55,20.801,538489,11202802.88,2384
2020-08-21,20.9,20.95,20.85,20.95,20.25,20.85,20.687,662182,13697840.41,2281
2020-08-20,20.8,20.9,20.75,21.05,19.52,20.95,20.554,767340,15772010.9,3397
2020-08-19,20.6,20.7,20.4,20.75,20.35,20.75,20.642,356900,7366761.33,1505
2020-08-18,20.2,20.25,20.85,20.85,20.2,20.4,20.43,596992,12196231.62,2162
2020-08-17,20.75,20.8,20.6,20.9,20.15,20.9,20.748,287683,5968516.2,1331
2020-08-14,20.75,20.85,20.7,21.1,20.6,20.9,20.899,306846,6412512.32,1187
2020-08-13,20.8,20.85,20.75,21.1,20.7,20.95,20.897,258015,5391743.09,1151
2020-08-12,20.75,20.8,20.95,20.95,20.4,20.9,20.73,481421,9978554.7,1771
2020-08-11,20.9,20.95,21.25,21.35,20.75,21.0,21.012,427921,8991134.23,1869
2020-08-10,21.05,21.1,21.4,21.4,21.05,21.2,21.175,217619,4608049.78,963
2020-08-07,21.2,21.25,21.25,21.45,21.1,21.3,21.276,413265,8792981.64,1260
2020-08-06,21.05,21.1,21.05,21.15,20.8,21.15,21.044,255589,5378658.65,1094
2020-08-05,20.9,20.95,20.65,21.15,20.65,21.0,20.932,414091,8667598.4,1481
2020-08-04,20.65,20.7,21.0,21.05,20.55,20.75,20.744,292852,6074902.03,1065
2020-08-03,20.75,20.85,21.1,21.2,20.5,20.9,20.8,516541,10743388.94,1863
2020-07-31,21.05,21.1,20.75,21.1,20.65,21.1,20.961,605922,12699038.82,1612
2020-07-30,20.55,20.6,20.75,20.9,20.45,20.6,20.672,279569,5779254.04,1042
2020-07-29,20.75,20.8,20.5,20.8,20.35,20.75,20.628,278005,5734074.26,1054
2020-07-28,20.5,20.6,20.05,20.6,20.0,20.55,20.398,243113,4958889.13,785
2020-07-27,19.96,20.0,20.1,20.3,19.94,20.0,20.078,247250,4964173.69,980
2020-07-24,20.0,20.05,20.15,20.35,19.96,20.05,20.113,263709,5303897.28,1462
2020-07-23,20.2,20.25,20.45,20.45,19.96,20.2,20.206,251566,5083056.93,1081
2020-07-22,20.35,20.4,19.92,20.45,19.74,20.45,20.203,230755,4661673.12,1236
2020-07-21,19.88,19.92,20.05,20.25,19.72,19.9,19.94,406425,8103480.44,1998
2020-07-20,19.96,20.0,19.98,20.25,19.76,20.05,20.056,264158,5298227.03,1049
2020-07-17,19.74,19.78,19.62,19.82,19.56,19.76,19.725,154679,3050995.26,851
2020-07-16,19.78,19.8,19.92,20.15,19.7,19.8,19.912,259842,5173995.81,1321
2020-07-15,19.74,19.78,19.9,19.9,19.58,19.8,19.792,251811,4983946.64,771
2020-07-14,19.74,19.8,20.05,20.1,19.58,19.7,19.783,276669,5473438.98,1794
2020-07-13,19.86,19.9,19.56,20.05,19.5,19.9,19.855,316419,6282326.67,1448
2020-07-10,19.62,19.64,19.94,19.94,19.52,19.6,19.657,316618,6223734.02,1618
2020-07-09,19.78,19.82,19.8,19.94,19.62,19.64,19.729,328700,6485132.17,1746
2020-07-08,19.74,19.8,19.6,19.92,19.46,19.74,19.746,208579,4118450.04,843
2020-07-07,19.5,19.54,19.88,19.88,19.32,19.58,19.523,260786,5093234.98,1294
2020-07-06,19.62,19.66,19.42,19.82,19.24,19.68,19.628,299701,5882528.97,1280
2020-07-03,19.4,19.44,19.2,19.44,19.2,19.38,19.337,180380,3488109.99,918
2020-07-02,19.16,19.2,19.0,19.28,18.86,19.2,19.154,230538,4415662.91,1079
2020-07-01,18.96,19.0,18.96,19.08,18.58,19.02,18.917,256710,4856028.94,973
2020-06-30,18.68,18.72,18.62,18.96,18.38,18.8,18.753,332906,6242783.07,1295
2020-06-29,18.62,18.66,18.86,18.92,18.44,18.58,18.582,201911,3752004.7,931
2020-06-26,18.8,18.84,18.48,18.9,18.34,18.86,18.756,278037,5214388.62,1241
2020-06-25,18.3,18.34,18.6,18.6,18.18,18.22,18.321,463631,8494279.97,1610
2020-06-24,18.42,18.46,18.7,18.7,18.38,18.46,18.499,382701,7079430.23,1265
2020-06-23,18.72,18.76,18.7,18.86,18.52,18.76,18.713,353054,6606581.42,1595
2020-06-22,18.64,18.68,17.86,18.72,17.86,18.62,18.597,688175,12797532.0,2271
2020-06-18,18.54,18.58,18.82,18.86,18.5,18.5,18.556,935813,17364836.7,1622
2020-06-17,18.58,18.62,18.42,18.64,18.34,18.62,18.549,649508,12047508.88,1844
2020-06-16,18.3,18.34,18.28,18.5,18.12,18.38,18.34,488421,8955589.25,1251
2020-06-15,18.0,18.04,18.02,18.5,17.68,18.12,18.204,762206,13872868.56,2584
2020-06-12,18.04,18.08,17.52,18.16,17.44,18.08,17.988,644821,11598508.06,2133
2020-06-11,17.8,17.84,17.88,18.06,17.52,17.84,17.83,603976,10780161.44,1469
2020-06-10,17.84,17.88,17.88,18.08,17.6,17.96,17.887,841323,15049373.96,1858
2020-06-09,17.72,17.76,17.78,17.9,17.38,17.74,17.66,570710,10077388.43,1678
2020-06-08,17.74,17.78,17.98,18.06,17.66,17.8,17.818,791859,14109444.38,1748
2020-06-05,17.88,17.94,18.48,18.74,17.88,17.94,18.196,569409,10371516.43,2086
2020-06-04,18.34,18.38,17.44,18.48,17.44,18.42,18.287,669554,12210572.54,1782
2020-06-03,18.08,18.14,18.5,18.58,18.06,18.06,18.23,395557,7211993.64,1435
2020-06-02,18.42,18.46,18.48,18.76,18.4,18.4,18.538,390704,7242983.82,1588
2020-06-01,18.42,18.46,18.52,18.7,18.22,18.44,18.386,231349,4253765.58,972
2020-05-29,18.26,18.3,17.62,18.54,17.5,18.32,18.156,990343,17981804.01,3075
2020-05-28,17.68,17.72,17.6,18.0,17.6,17.66,17.812,698790,12448450.05,2204
2020-05-27,17.5,17.54,17.54,17.72,17.26,17.5,17.446,349291,6094289.67,1523
2020-05-26,17.46,17.5,17.7,17.76,17.26,17.4,17.491,515939,9024799.59,1851
2020-05-25,17.52,17.56,17.64,17.92,17.44,17.58,17.633,465561,8188601.83,950
2020-05-22,17.38,17.42,16.94,17.44,16.88,17.36,17.215,336007,5784172.83,1251
2020-05-20,17.0,17.04,17.02,17.22,16.84,17.06,17.028,231158,3936077.53,1133
2020-05-19,16.98,17.02,16.78,17.2,16.4,17.04,16.869,517778,8735849.99,2129
2020-05-18,16.68,16.72,16.76,16.9,16.64,16.74,16.749,330475,5535173.3,1294
2020-05-15,16.64,16.68,17.36,17.36,16.56,16.56,16.672,332948,5552195.79,1278
2020-05-14,16.64,16.68,17.12,17.16,16.54,16.66,16.693,209549,3498540.35,988
2020-05-13,17.14,17.18,17.12,17.24,16.72,17.1,17.007,249221,4237680.98,1241
2020-05-12,17.14,17.18,17.36,17.4,17.02,17.18,17.218,198783,3422732.8,1062
2020-05-11,17.3,17.36,17.68,17.8,16.88,17.38,17.251,271866,4691467.61,1569
2020-05-08,17.5,17.56,17.56,17.88,17.44,17.5,17.57,389770,6849553.15,1548
2020-05-07,17.44,17.5,17.1,17.56,16.92,17.5,17.324,1098072,19022686.03,5425
2020-05-06,16.16,16.22,16.58,16.58,16.16,16.24,16.285,460967,7507664.13,1326
2020-05-05,16.38,16.42,16.38,16.56,16.12,16.38,16.328,343470,5607627.3,1651
2020-05-04,16.02,16.08,16.38,16.48,16.0,16.04,16.152,659422,10653613.75,2203
2020-04-30,16.34,16.38,16.66,17.0,16.22,16.4,16.429,449836,7390999.82,1598
2020-04-29,16.44,16.48,16.52,16.68,16.26,16.4,16.416,527075,8652975.41,1646
2020-04-28,16.44,16.48,16.74,17.08,16.28,16.5,16.661,321896,5363353.2,1119
2020-04-27,16.7,16.76,16.94,17.2,16.64,16.74,16.851,204192,3442258.23,999
2020-04-24,16.76,16.78,16.66,17.16,16.64,16.84,16.91,276936,4683481.3,1374
2020-04-23,16.56,16.62,16.18,16.72,16.14,16.66,16.574,332130,5490720.18,1335
2020-04-22,16.2,16.24,16.34,16.58,16.16,16.16,16.285,272927,4442995.01,1098
2020-04-21,16.26,16.3,16.56,16.64,16.02,16.32,16.299,243619,3970602.96,1341
2020-04-20,16.5,16.54,15.96,16.6,15.96,16.54,16.451,405610,6672197.58,1568
2020-04-17,15.96,15.98,16.32,16.52,15.92,15.94,16.071,600277,9651018.14,2312
2020-04-16,15.9,15.96,16.3,16.52,15.92,16.04,16.155,328570,5307876.19,1434
2020-04-15,16.36,16.4,16.98,17.22,16.02,16.32,16.336,606879,9914663.77,2763
2020-04-14,16.98,17.04,16.68,17.3,16.62,16.98,16.998,430294,7316116.6,1920
2020-04-09,16.64,16.7,16.7,17.08,16.56,16.66,16.765,596329,9998000.91,2085
2020-04-08,16.46,16.5,16.34,16.92,15.9,16.48,16.56,585005,9688077.39,1737
2020-04-07,16.34,16.4,16.48,16.94,16.26,16.32,16.516,417076,6891050.61,1709
2020-04-06,16.2,16.24,16.42,16.64,16.02,16.26,16.252,451478,7337969.44,1741
2020-04-03,16.12,16.14,16.32,16.34,15.9,16.2,16.179,246768,3992530.73,1065
2020-04-02,16.32,16.38,16.68,16.9,16.28,16.38,16.416,302820,4971571.23,1108
2020-04-01,16.62,16.68,17.28,17.32,16.46,16.7,16.751,459690,7699531.35,1826
2020-03-31,17.26,17.3,16.9,17.48,16.9,17.28,17.246,640300,11043035.67,2032
2020-03-30,16.9,16.96,17.04,17.34,16.36,16.98,16.788,510177,8564760.98,1885
2020-03-27,17.0,17.04,16.66,17.08,16.26,17.08,16.85,528522,8905326.95,1767
2020-03-26,16.72,16.76,17.02,17.02,15.8,16.8,16.529,509806,8425927.2,2041
2020-03-25,16.84,16.86,17.68,18.08,16.5,16.86,17.092,793066,13572929.95,2764
2020-03-24,16.9,16.94,16.94,17.12,16.12,17.12,16.86,731841,12338764.68,2120
2020-03-23,16.4,16.46,16.6,16.64,15.36,16.44,16.087,755860,12158790.67,3361
2020-03-20,17.12,17.2,17.0,18.1,16.3,17.48,17.448,10290689,179540551.88,6042
2020-03-19,16.36,16.5,15.38,16.6,15.1,16.44,16.005,964111,15431014.47,3715
2020-03-18,15.26,15.36,14.4,15.4,14.14,15.38,14.803,1011739,14965279.72,2940
2020-03-17,14.54,14.62,14.5,14.8,13.64,14.48,14.221,1005791,14302640.0,3775
2020-03-16,14.28,14.34,14.5,14.78,13.76,14.26,14.213,1046481,14868395.24,3333
2020-03-13,14.9,14.96,15.3,16.36,14.9,14.92,15.405,832872,12833790.29,3686
2020-03-12,15.62,15.7,16.6,16.7,15.3,15.52,15.861,1238388,19638296.78,5178
2020-03-11,17.28,17.3,16.72,17.5,16.72,17.2,17.223,903681,15559790.98,3619
2020-03-10,16.68,16.72,17.04,17.36,16.68,16.72,16.957,905030,15350261.82,3638
2020-03-09,16.86,16.9,16.66,17.36,16.58,16.86,16.919,724381,12257962.0,3353
2020-03-06,17.62,17.64,18.16,18.34,17.52,17.72,17.806,637140,11345495.23,2754
2020-03-05,18.28,18.32,18.58,18.76,18.12,18.42,18.396,947551,17427796.06,2411
2020-03-04,18.38,18.42,18.24,18.48,18.06,18.44,18.38,565108,10387474.24,2567
2020-03-03,18.12,18.16,17.68,18.32,17.68,18.1,18.07,511437,9242121.62,2266
2020-03-02,17.48,17.52,17.28,17.64,16.98,17.5,17.354,685938,11903914.82,2358
2020-02-28,16.94,16.96,17.52,17.68,16.88,16.96,17.196,825524,14198400.85,3720
2020-02-27,17.84,17.88,18.26,18.34,17.7,17.86,17.989,521576,9383248.85,2746
2020-02-26,18.26,18.3,18.1,18.44,17.38,18.32,18.122,943353,17096726.96,3549
2020-02-25,18.24,18.28,18.3,18.62,18.04,18.28,18.298,429270,7855267.7,2383
2020-02-24,18.4,18.44,18.58,18.58,18.26,18.42,18.406,595250,10955870.68,2724
2020-02-21,18.6,18.62,18.5,18.9,18.34,18.62,18.666,267072,4986718.51,973
2020-02-20,18.52,18.56,18.48,18.64,18.4,18.48,18.498,158217,2926920.57,840
2020-02-19,18.42,18.46,18.1,18.56,18.1,18.4,18.422,448534,8262636.06,1268
2020-02-18,18.02,18.08,17.86,18.2,17.74,18.0,17.933,163041,2923746.45,1081
2020-02-17,17.82,17.84,18.1,18.16,17.82,17.84,17.897,213184,3815684.39,1012
2020-02-14,18.0,18.02,17.58,18.2,17.58,17.98,18.009,453021,8158372.07,1104
2020-02-13,17.54,17.58,17.0,17.6,16.6,17.56,17.279,371204,6412633.6,1917
2020-02-12,17.24,17.28,17.46,17.46,17.1,17.26,17.255,191593,3305292.84,1071
2020-02-11,17.48,17.5,17.48,17.54,17.3,17.46,17.462,193116,3372164.11,976
2020-02-10,17.46,17.5,17.42,17.7,17.3,17.5,17.525,131427,2303429.97,760
2020-02-07,17.32,17.36,17.24,17.48,17.24,17.38,17.372,175315,3045455.56,682
2020-02-06,17.18,17.22,17.18,17.28,17.02,17.18,17.184,170673,2932368.25,668
2020-02-05,17.02,17.06,17.1,17.2,16.94,17.08,17.064,209034,3567036.38,801
2020-02-04,17.1,17.16,16.92,17.2,16.84,17.16,17.081,544717,9304037.8,825
2020-02-03,16.76,16.8,16.6,16.8,16.6,16.8,16.725,666755,11146604.07,922
2020-01-31,16.56,16.58,16.6,16.86,16.56,16.58,16.661,802940,13377630.37,1580
2020-01-30,16.56,16.6,16.32,16.66,16.3,16.56,16.545,288647,4775732.16,1036
2020-01-29,16.42,16.46,16.64,16.66,16.32,16.42,16.45,203163,3342136.31,816
2020-01-28,16.68,16.7,16.62,16.8,16.62,16.62,16.657,108662,1809939.09,624
2020-01-27,16.62,16.66,16.84,16.84,16.58,16.58,16.661,131510,2191057.0,658
2020-01-24,16.86,16.9,16.86,17.02,16.74,16.82,16.828,197804,3328499.07,862
2020-01-23,16.7,16.72,16.74,16.8,16.66,16.68,16.699,74609,1245726.18,468
2020-01-22,16.66,16.74,16.74,16.86,16.66,16.68,16.73,211701,3541710.7,628
2020-01-21,16.74,16.76,16.84,16.88,16.6,16.72,16.74,121929,2041070.06,788
2020-01-20,16.78,16.84,16.94,17.06,16.74,16.82,16.831,214115,3604398.04,1028
2020-01-17,16.88,16.92,16.8,17.12,16.7,16.9,16.917,203510,3442984.06,1243
2020-01-16,17.2,17.24,17.12,17.5,17.12,17.22,17.268,323952,5594071.12,1290
2020-01-15,17.04,17.1,17.1,17.38,17.04,17.08,17.161,473351,8124935.9,2552
2020-01-14,17.06,17.1,17.06,17.16,16.84,17.1,17.059,87101,1485845.1,630
2020-01-13,17.02,17.06,16.92,17.24,16.9,17.06,17.062,333770,5695047.12,1452
2020-01-10,16.8,16.86,16.78,16.9,16.68,16.86,16.833,179080,3014499.16,743
2020-01-09,16.62,16.7,16.68,16.72,16.56,16.7,16.671,168408,2807441.7,743
2020-01-08,16.48,16.52,16.76,16.76,16.44,16.56,16.563,156897,2598707.78,758
2020-01-07,16.78,16.82,16.8,16.94,16.7,16.82,16.803,201922,3393216.54,1330
2020-01-03,16.72,16.74,16.62,16.8,16.46,16.8,16.717,356134,5951518.99,1567
2020-01-02,16.56,16.58,16.32,16.78,16.12,16.54,16.526,271217,4482541.57,1146
2019-12-30,16.22,16.26,16.32,16.4,16.16,16.2,16.258,164786,2678965.8,833
2019-12-27,16.36,16.38,16.06,16.38,16.06,16.38,16.347,86444,1413017.29,635
2019-12-23,16.14,16.16,16.2,16.3,16.1,16.18,16.188,100517,1627212.6,475
2019-12-20,16.18,16.24,16.24,16.4,16.18,16.22,16.245,499632,8116362.6,1512
2019-12-19,16.26,16.28,16.28,16.48,16.22,16.24,16.266,490289,7976243.2,873
2019-12-18,16.16,16.2,16.18,16.26,16.06,16.2,16.193,256323,4150597.32,815
2019-12-17,16.16,16.2,16.12,16.4,16.06,16.2,16.199,314686,5097735.14,1277
2019-12-16,16.08,16.1,16.08,16.28,16.0,16.12,16.133,250634,4043861.24,866
2019-12-13,15.96,15.98,15.98,16.08,15.72,15.98,15.954,276870,4415825.43,1080
2019-12-12,15.9,15.94,15.6,16.04,15.6,15.92,15.882,435170,6910874.85,2592
2019-12-11,15.58,15.6,15.74,15.78,15.38,15.6,15.57,334508,5207955.76,1070
2019-12-10,15.68,15.7,15.34,15.84,15.34,15.7,15.655,1187314,18581669.48,2425
2019-12-09,15.12,15.14,15.0,15.22,14.88,15.14,15.036,1178714,17701593.15,1532
2019-12-05,14.92,14.94,14.84,14.98,14.74,14.92,14.908,118891,1772552.88,556
2019-12-04,14.78,14.82,14.94,15.0,14.78,14.82,14.859,166325,2471384.98,777
2019-12-03,14.9,14.92,14.84,14.96,14.76,14.9,14.874,269898,4014715.31,1058
2019-12-02,14.8,14.82,15.04,15.04,14.72,14.82,14.834,212143,3147101.41,937
2019-11-29,14.92,14.94,14.98,15.06,14.9,14.98,14.981,197970,2965670.32,1227
2019-11-28,14.98,15.0,15.02,15.1,14.94,14.98,15.033,248302,3733399.74,1218
2019-11-27,14.92,14.94,15.06,15.1,14.9,14.9,14.974,222256,3330130.65,1043
2019-11-26,15.02,15.04,14.84,15.12,14.82,15.04,15.019,374367,5623368.23,1333
2019-11-25,14.84,14.86,14.9,14.94,14.66,14.88,14.801,374928,5548960.18,1905
2019-11-22,14.7,14.74,14.76,14.92,14.62,14.72,14.785,253271,3744541.34,1482
2019-11-21,14.68,14.7,14.94,14.94,14.66,14.74,14.76,361394,5333675.5,1935
2019-11-20,14.88,14.9,14.8,15.08,14.76,14.92,14.944,12148011,178304450.75,4930
2019-11-19,15.72,15.76,15.82,15.94,15.66,15.74,15.752,142823,2249783.73,746
2019-11-18,15.82,15.84,16.06,16.06,15.74,15.82,15.848,134677,2135347.42,899
2019-11-15,15.86,15.9,15.76,15.94,15.7,15.94,15.873,138253,2194484.32,912
2019-11-14,15.72,15.8,15.82,16.04,15.7,15.72,15.784,158995,2509878.52,808
2019-11-13,15.8,15.84,15.78,15.86,15.72,15.72,15.75,109290,1721371.22,661
2019-11-12,15.74,15.76,15.86,15.86,15.7,15.7,15.71,470372,7387757.98,699
2019-11-11,15.8,15.84,15.9,15.9,15.76,15.8,15.811,93895,1484597.16,663
2019-11-08,15.82,15.86,15.86,15.98,15.74,15.84,15.845,172275,2729612.99,841
2019-11-07,15.74,15.8,15.72,15.9,15.7,15.8,15.806,176207,2785080.84,1344
2019-11-06,15.7,15.74,16.0,16.0,15.58,15.72,15.749,178734,2814836.9,1045
2019-11-05,15.94,15.96,16.06,16.24,15.84,16.0,15.976,265417,4240294.02,1481
2019-11-04,15.98,16.0,16.4,16.42,15.96,16.0,16.051,317587,5097599.94,1480
2019-11-01,15.52,15.64,15.22,15.9,15.02,15.9,15.813,1314911,20785125.52,1028
2019-10-31,15.08,15.1,15.06,15.2,15.04,15.1,15.107,130681,1974139.78,773
2019-10-30,15.02,15.04,15.3,15.3,14.96,15.04,15.01,300154,4505162.0,597
2019-10-29,14.94,14.98,14.92,15.02,14.82,14.94,14.94,96494,1437781.07,652
2019-10-28,14.88,14.9,15.04,15.04,14.84,14.9,14.941,60582,905738.98,459
2019-10-25,15.0,15.02,15.1,15.1,14.8,15.02,15.003,113548,1703571.35,343
2019-10-24,15.02,15.04,15.0,15.06,14.72,15.06,14.957,86261,1290156.36,592
2019-10-23,14.96,15.0,15.38,15.38,14.92,14.96,15.012,78705,1181553.15,627
2019-10-22,15.2,15.24,15.14,15.38,14.92,15.22,15.206,56186,853864.68,392
2019-10-21,15.14,15.16,15.3,15.3,14.94,15.12,15.101,425781,6414843.98,596
2019-10-18,15.28,15.3,15.64,15.64,15.22,15.28,15.294,49345,754664.15,343
2019-10-17,15.4,15.44,15.1,15.54,15.1,15.4,15.245,184079,2807580.12,468
2019-10-16,15.14,15.18,15.38,15.38,15.12,15.18,15.191,49488,751772.2,346
2019-10-15,15.24,15.28,15.5,15.5,15.2,15.28,15.284,75007,1146377.64,557
2019-10-14,15.34,15.4,15.28,15.48,15.1,15.4,15.305,97319,1489416.14,404
2019-10-11,15.22,15.26,15.24,15.28,15.02,15.26,15.222,46162,702688.32,408
2019-10-10,15.14,15.2,15.18,15.22,14.86,15.12,15.035,181322,2726054.54,681
2019-10-09,15.04,15.06,14.84,15.06,14.72,15.06,15.001,91342,1370260.42,430
2019-10-08,14.74,14.78,15.22,15.22,14.64,14.78,14.847,185313,2756297.94,595
2019-10-07,15.06,15.1,14.84,15.16,14.74,15.08,14.993,79347,1189622.94,605
2019-10-04,14.88,14.92,15.0,15.0,14.62,14.98,14.777,124371,1835625.68,408
2019-10-03,14.8,14.84,15.0,15.0,14.7,14.86,14.869,39389,585776.08,378
2019-10-02,14.7,14.72,15.08,15.1,14.7,14.76,14.955,132530,1982528.54,378
2019-10-01,15.0,15.02,15.02,15.14,14.94,15.02,15.021,258624,3884782.64,868
2019-09-30,14.96,15.0,15.0,15.08,14.84,15.02,14.974,139291,2085491.71,744
2019-09-27,14.9,14.94,14.48,14.98,14.34,14.92,14.646,194888,2854042.68,632
2019-09-26,14.46,14.48,14.2,14.5,14.16,14.5,14.425,71822,1036030.08,419
2019-09-25,14.14,14.18,14.4,14.4,14.08,14.18,14.17,83345,1180971.48,223
2019-09-24,14.3,14.32,14.38,14.38,14.16,14.26,14.281,121202,1730867.08,494
2019-09-23,14.06,14.1,14.04,14.18,13.98,14.1,14.078,80234,1129446.68,563
2019-09-20,14.12,14.16,13.98,14.16,13.92,14.02,14.019,191663,2686432.69,378
2019-09-19,13.92,13.94,14.08,14.2,13.86,13.94,13.994,136005,1903236.9,1188
2019-09-18,13.94,14.0,13.86,14.16,13.78,13.98,13.858,1863741,25844756.48,766
2019-09-17,13.66,13.7,13.6,13.74,13.5,13.72,13.651,50866,694364.02,416
2019-09-16,13.52,13.62,13.34,13.72,13.3,13.52,13.525,63880,863947.54,502
2019-09-13,13.3,13.32,13.48,13.6,13.3,13.32,13.335,30935,412513.3,232
2019-09-12,13.46,13.5,13.32,13.52,13.26,13.46,13.378,53839,720268.54,378
2019-09-11,13.3,13.32,13.54,13.72,13.16,13.36,13.307,192188,2558135.28,469
2019-09-10,13.44,13.48,13.9,13.9,13.12,13.48,13.401,77884,1043560.92,578
2019-09-09,13.8,13.84,13.98,13.98,13.76,13.84,13.852,36587,506805.4,289
2019-09-06,13.66,13.7,13.82,14.04,13.62,13.74,13.76,153912,2121199.51,452
2019-09-05,13.8,13.84,14.52,14.74,13.8,13.82,13.969,47306,660816.4,323
2019-09-04,14.04,14.06,13.98,14.1,13.92,14.1,14.06,55799,784550.8,389
2019-09-03,13.84,13.9,13.94,13.98,13.8,13.88,13.934,162616,2265914.94,428
2019-09-02,13.86,13.9,13.92,14.04,13.76,13.9,13.914,1166573,15998434.06,533
2019-08-30,13.66,13.72,13.52,13.94,13.5,13.74,13.742,106002,1456275.37,385
2019-08-29,13.44,13.48,13.28,13.5,13.24,13.44,13.418,140079,1888476.76,236
2019-08-28,13.1,13.16,13.34,13.34,13.0,13.12,13.11,1062515,13809692.6,226
2019-08-27,13.28,13.36,13.0,13.34,12.84,13.2,13.174,118591,1562290.5,365
2019-08-26,13.02,13.06,13.2,13.2,12.64,13.0,13.033,28822,375637.53,291
2019-08-23,13.22,13.24,14.5,14.5,13.16,13.2,13.517,76598,1035348.06,618
2019-08-22,13.8,13.88,14.08,14.08,13.6,13.86,13.862,22860,316890.86,228
2019-08-21,13.7,13.72,13.88,13.96,13.6,13.8,13.798,136554,1889373.26,306
2019-08-20,13.78,13.88,13.72,14.1,13.72,13.88,13.959,51856,723862.32,518
2019-08-19,13.78,13.88,13.8,13.88,13.66,13.8,13.775,31944,440025.04,265
2019-08-16,13.66,13.7,13.72,13.82,13.24,13.76,13.712,59336,813619.86,427
2019-08-15,13.54,13.72,13.06,13.78,13.06,13.7,13.371,86222,1152899.12,549
2019-08-14,13.02,13.1,13.1,13.18,12.98,13.06,13.063,21873,285700.3,223
2019-08-13,13.0,13.06,12.98,13.16,12.98,13.02,13.073,144635,1890842.08,563
2019-08-12,13.02,13.06,13.02,13.28,12.68,13.04,13.019,28061,365323.7,308
2019-08-09,12.82,12.86,12.64,12.92,12.64,12.9,12.854,22440,288451.0,178
2019-08-08,12.78,12.82,12.74,13.0,12.66,12.68,12.777,20952,267711.7,221
2019-08-07,12.74,12.88,12.82,12.88,12.7,12.72,12.755,31071,396313.06,240
2019-08-06,12.84,12.9,12.8,13.0,12.76,12.82,12.851,22069,283600.54,176
2019-08-05,12.78,12.82,12.7,12.84,12.62,12.78,12.732,49885,635126.74,307
2019-08-02,12.68,12.8,12.64,12.98,12.64,12.7,12.74,37664,479845.88,447
2019-08-01,12.62,12.7,12.66,12.94,12.62,12.7,12.733,22738,289625.65,250
2019-07-31,12.68,12.78,12.94,12.94,12.62,12.72,12.748,40692,518739.84,298
2019-07-30,12.82,12.86,13.02,13.04,12.8,12.86,12.846,24654,316697.49,209
2019-07-29,12.98,13.04,12.88,13.1,12.82,13.06,13.045,64077,835841.07,222
2019-07-26,12.88,12.96,12.64,12.96,12.64,12.9,12.88,12352,159096.66,157
2019-07-25,12.78,12.88,13.08,13.1,12.72,12.78,12.86,26425,339830.3,298
2019-07-24,13.06,13.1,12.66,13.12,12.58,13.06,12.983,41133,533883.86,369
2019-07-23,12.58,12.62,12.88,12.9,12.46,12.62,12.65,34186,432453.46,324
2019-07-22,12.68,12.74,12.88,12.88,12.66,12.74,12.735,40168,511562.03,372
2019-07-19,12.84,12.88,12.96,13.06,12.82,12.9,12.891,34909,450014.24,347
2019-07-18,12.98,13.0,13.3,13.3,12.9,13.0,13.002,139686,1815985.48,229
2019-07-17,13.12,13.16,13.02,13.22,12.96,13.16,13.0,150606,1957911.54,273
2019-07-16,13.02,13.08,13.18,13.18,13.0,13.04,13.064,123345,1606901.68,350
2019-07-15,13.12,13.14,13.06,13.24,13.06,13.14,13.144,56579,743656.73,224
2019-07-12,13.08,13.14,13.28,13.28,13.08,13.1,13.135,40562,532770.61,214
2019-07-11,13.2,13.24,13.3,13.42,13.04,13.28,13.256,27278,361589.96,239
2019-07-10,13.28,13.34,13.44,13.44,13.04,13.26,13.141,81820,1075152.94,306
2019-07-09,13.24,13.26,13.5,13.5,13.16,13.28,13.286,41763,554865.58,256
2019-07-08,13.28,13.32,13.52,13.52,13.26,13.34,13.31,61073,812870.14,286
2019-07-05,13.36,13.4,13.62,13.7,13.34,13.4,13.528,89240,1211087.71,324
2019-07-04,13.46,13.5,13.54,13.58,13.4,13.58,13.474,101303,1364922.7,315
2019-07-03,13.42,13.46,13.48,13.6,13.26,13.52,13.519,69305,936942.0,217
2019-07-02,13.34,13.38,13.16,13.44,13.14,13.44,13.369,34630,462976.88,301
2019-07-01,13.06,13.12,13.42,13.42,13.0,13.14,13.077,81323,1063470.25,302
2019-06-28,12.98,13.04,12.98,13.14,12.86,13.12,13.088,182954,2394413.49,311
2019-06-27,12.94,12.98,13.52,13.52,12.92,12.98,13.105,140161,1836653.16,546
2019-06-26,13.26,13.32,13.18,13.34,13.06,13.28,13.158,119843,1576929.18,281
2019-06-25,13.2,13.24,13.3,13.3,13.08,13.18,13.197,94289,1242737.86,278
2019-06-24,13.08,13.14,12.9,13.2,12.9,13.14,13.097,81466,1066988.98,345
2019-06-20,12.84,12.9,13.18,13.18,12.74,12.86,12.827,302414,3878975.61,368
2019-06-19,12.76,12.82,13.26,13.26,12.76,12.8,12.835,80495,1033171.16,365
2019-06-18,12.94,13.0,12.98,13.22,12.86,13.04,13.038,44506,580245.0,423
2019-06-17,12.96,13.0,13.0,13.0,12.74,13.0,12.969,113656,1473982.72,430
2019-06-14,12.94,12.96,13.0,13.16,12.78,13.0,12.933,178566,2309330.54,460
2019-06-13,12.76,12.82,12.68,12.98,12.62,12.82,12.783,72937,932931.6,445
2019-06-12,12.56,12.62,12.5,12.7,12.46,12.62,12.592,79015,994940.64,553
2019-06-11,12.4,12.48,12.12,12.5,12.12,12.48,12.32,243921,3005244.38,470
2019-06-10,12.12,12.14,12.3,12.36,12.1,12.1,12.192,25733,313729.86,211
2019-06-07,12.22,12.24,12.18,12.48,12.16,12.24,12.239,224181,2752933.72,437
2019-06-06,11.98,12.02,12.18,12.18,11.74,12.04,11.991,149707,1795162.69,292
2019-06-05,11.9,11.98,11.78,12.02,11.74,12.0,11.924,54537,650282.0,363
2019-06-04,11.74,11.8,11.88,11.88,11.68,11.8,11.785,62297,734155.8,353
2019-06-03,11.82,11.86,12.06,12.08,11.78,11.86,11.891,57917,688699.16,325
2019-05-31,12.0,12.08,11.82,12.1,11.72,12.06,11.936,75581,902154.16,350
2019-05-29,11.8,11.84,11.86,11.9,11.62,11.84,11.789,90419,1065487.02,460
2019-05-28,11.7,11.76,11.96,11.96,11.58,11.7,11.731,168732,1978964.28,418
2019-05-27,11.74,11.76,12.28,12.28,11.6,11.76,11.77,31924,375735.68,216
2019-05-24,11.98,12.0,11.6,12.26,11.6,11.98,11.859,192187,2279114.14,594
2019-05-23,11.58,11.62,11.5,11.86,11.38,11.6,11.538,433405,4999364.5,848
2019-05-22,11.32,11.36,11.2,11.5,11.08,11.42,11.355,460312,5226635.98,516
2019-05-21,10.96,11.0,10.94,11.14,10.58,11.0,11.0,169466,1863370.69,349
2019-05-20,10.86,10.9,10.84,11.0,10.78,10.88,10.903,31847,347215.9,288
2019-05-17,10.8,10.82,10.92,10.92,10.64,10.84,10.785,62369,672656.44,323
2019-05-16,10.78,10.82,10.88,10.96,10.62,10.82,10.809,49329,533177.76,478
2019-05-15,10.6,10.7,10.5,10.84,10.38,10.7,10.461,261184,2732191.26,400
2019-05-14,10.38,10.44,10.3,10.58,10.3,10.42,10.406,254195,2645113.29,499
2019-05-13,10.28,10.4,10.4,10.48,10.28,10.32,10.379,51943,539132.98,418
2019-05-10,10.34,10.38,10.38,10.42,10.16,10.36,10.351,24567,254295.74,294
2019-05-09,10.38,10.4,10.52,10.56,10.3,10.38,10.374,93974,974857.25,463
2019-05-08,10.46,10.48,10.52,10.58,10.4,10.46,10.48,152991,1603378.82,227
2019-05-07,10.48,10.52,10.38,10.6,10.38,10.52,10.507,64001,672354.9,360
2019-05-06,10.38,10.4,10.5,10.52,10.26,10.4,10.463,71393,747008.96,198
2019-05-03,10.52,10.54,10.68,10.68,10.52,10.54,10.548,29618,312419.0,243
2019-05-02,10.52,10.56,10.72,10.72,10.52,10.56,10.572,32545,344223.16,261
2019-04-30,10.58,10.6,10.74,10.74,10.54,10.58,10.576,61562,651087.61,284
2019-04-29,10.58,10.6,10.6,10.74,10.58,10.58,10.602,30916,327757.96,292
2019-04-26,10.58,10.6,10.64,10.64,10.54,10.56,10.598,223109,2364509.38,213
2019-04-25,10.58,10.68,10.6,10.76,10.56,10.62,10.66,219028,2334877.61,364
2019-04-24,10.58,10.66,10.72,10.8,10.54,10.6,10.602,597647,6336168.58,351
2019-04-23,10.74,10.8,10.78,10.8,10.6,10.78,10.77,20559,221421.68,201
2019-04-18,10.72,10.76,10.8,10.8,10.64,10.74,10.759,35544,382384.06,243
2019-04-17,10.74,10.78,10.96,11.0,10.68,10.74,10.758,661639,7117923.3,212
2019-04-16,10.96,11.0,10.9,11.16,10.84,10.94,11.039,88862,980958.68,261
2019-04-15,10.66,10.72,10.76,10.9,10.5,10.76,10.725,90289,968342.31,374
2019-04-12,10.62,10.68,10.78,10.78,10.36,10.66,10.458,65691,686990.34,218
2019-04-11,10.52,10.54,10.56,10.66,10.32,10.5,10.5,1024898,10761355.38,274
2019-04-10,10.44,10.5,10.58,10.66,10.22,10.48,10.484,30346,318152.97,350
2019-04-09,10.52,10.6,10.98,10.98,10.52,10.52,10.604,99281,1052795.89,417
2019-04-08,10.68,10.72,10.98,10.98,10.62,10.68,10.705,108707,1163708.45,469
2019-04-05,10.5,10.58,10.62,10.62,10.26,10.62,10.46,76458,799775.82,348
2019-04-04,10.58,10.62,10.62,10.78,10.46,10.62,10.608,90998,965344.82,652
2019-04-03,10.44,10.46,10.56,10.62,10.4,10.5,10.5,38430,403519.53,429
2019-04-02,10.44,10.46,10.6,10.72,10.42,10.52,10.509,53576,563029.88,387
2019-04-01,10.46,10.52,10.86,10.86,10.4,10.52,10.522,74537,784284.56,743
2019-03-29,10.512,10.554,10.73,10.758,10.464,10.73,10.584,190264,2013774.64,850
2019-03-28,10.502,10.558,10.5,10.858,10.4,10.53,10.535,57208,602679.08,340
2019-03-27,10.428,10.5,10.304,10.512,10.25,10.512,10.421,58851,613281.71,412
2019-03-26,10.27,10.382,10.3,10.392,10.048,10.38,10.284,47139,484771.6,328
2019-03-25,10.2,10.3,10.5,10.5,10.1,10.27,10.181,339306,3454382.8,336
2019-03-22,10.364,10.38,10.3,10.5,10.22,10.4,10.387,51025,529973.15,535
2019-03-21,10.174,10.2,10.0,10.348,9.951,10.2,10.17,79522,808727.56,529
2019-03-20,9.914,9.969,9.85,10.0,9.8,10.0,9.873,191530,1890982.33,375
2019-03-19,9.8,9.824,9.64,9.875,9.6,9.875,9.819,58168,571112.59,382
2019-03-18,9.538,9.599,9.664,9.74,9.535,9.593,9.59,71805,687866.38,345
2019-03-15,9.506,9.572,9.98,9.98,9.433,9.537,9.58,118762,1137705.32,556
2019-03-14,9.8,9.897,9.98,9.98,9.66,9.835,9.779,65750,642258.7,386
2019-03-13,9.699,9.7,9.829,9.95,9.688,9.696,9.713,78223,759719.41,416
2019-03-12,9.688,9.723,9.705,9.952,9.688,9.688,9.768,222010,2168065.45,843
2019-03-11,9.63,9.656,9.77,9.8,9.63,9.65,9.698,104258,1011133.49,852
2019-03-08,9.56,9.587,9.36,9.6,9.36,9.555,9.543,100649,955023.35,305
2019-03-07,9.361,9.45,9.5,9.5,9.365,9.422,9.415,19497,183555.74,222
2019-03-06,9.401,9.495,9.408,9.585,9.35,9.498,9.426,157016,1480613.61,435
2019-03-05,9.351,9.405,9.569,9.599,9.254,9.408,9.417,13348,125700.16,176
2019-03-04,9.45,9.497,9.45,9.67,9.4,9.42,9.48,32944,312320.77,201
2019-03-01,9.44,9.45,9.692,9.692,9.4,9.4,9.428,38718,365021.5,176
2019-02-28,9.47,9.527,9.582,9.721,9.42,9.471,9.477,268209,2541801.4,584
2019-02-27,9.573,9.65,9.8,9.8,9.471,9.582,9.618,43322,416661.4,413
2019-02-26,9.651,9.796,9.72,9.87,9.616,9.737,9.739,36958,359935.43,267
2019-02-25,9.7,9.73,9.75,9.765,9.551,9.71,9.7,35786,347139.75,310
2019-02-22,9.63,9.749,9.785,9.85,9.561,9.625,9.65,217205,2121794.12,140
2019-02-21,9.7,9.85,9.65,9.949,9.65,9.785,9.773,94691,925398.74,230
2019-02-20,9.57,9.695,9.63,9.698,9.463,9.65,9.641,22593,217826.42,271
2019-02-19,9.622,9.65,9.632,9.65,9.622,9.63,9.637,30501,293956.72,299
2019-02-18,9.555,9.64,9.555,9.738,9.502,9.632,9.629,65293,628723.48,268
2019-02-15,9.606,9.61,9.451,9.75,9.45,9.6,9.616,189324,1820507.61,381
2019-02-14,9.535,9.54,9.419,9.6,9.251,9.5,9.539,228732,2181595.06,488
2019-02-13,9.14,9.2,9.0,9.194,9.0,9.145,9.135,40056,365912.7,238
2019-02-12,9.0,9.049,9.0,9.05,8.919,9.048,9.002,563161,5069419.66,186
2019-02-11,8.986,8.999,8.99,9.028,8.985,9.0,9.0,17489,157401.97,255
2019-02-08,8.99,9.0,8.995,9.008,8.986,8.99,8.992,41262,371042.42,119
2019-02-07,9.0,9.016,8.96,9.05,8.96,9.016,9.022,19745,178141.88,137
2019-02-06,9.005,9.03,9.0,9.1,8.985,9.03,9.012,238238,2148165.97,220
2019-02-05,8.999,9.008,8.999,9.013,8.98,9.0,9.001,173048,1557554.26,184
2019-02-04,8.99,9.019,8.999,9.032,8.981,9.0,9.0,171702,1545308.76,114
2019-02-01,8.979,9.0,9.0,9.002,8.971,8.971,8.998,120856,1087452.61,118
2019-01-31,8.963,9.0,8.88,9.04,8.88,8.999,9.0,198720,1788512.84,311
2019-01-30,8.97,8.99,8.853,9.02,8.853,8.951,8.983,81736,734904.03,183
2019-01-29,8.912,8.977,8.853,9.0,8.853,8.95,8.953,96348,864836.84,244
2019-01-28,8.901,8.995,8.92,9.0,8.882,8.918,8.932,25864,231011.91,107
2019-01-25,8.952,9.0,8.83,9.0,8.83,9.0,8.945,112286,1004365.07,181
2019-01-24,8.83,8.89,9.0,9.02,8.832,8.832,8.921,58158,518824.15,288
2019-01-23,8.95,8.99,8.871,9.0,8.87,8.99,8.959,58013,519586.58,199
2019-01-22,8.87,8.9,8.9,8.947,8.852,8.871,8.885,30500,270989.94,255
2019-01-21,8.895,8.911,9.0,9.0,8.816,8.816,8.896,230365,2049450.3,746
2019-01-18,8.8,8.82,8.94,8.958,8.72,8.82,8.814,110879,977022.68,316
2019-01-17,8.8,8.89,8.56,8.9,8.56,8.81,8.777,143600,1260035.73,488
2019-01-16,8.561,8.58,8.47,8.6,8.47,8.561,8.558,43462,372184.44,262
2019-01-15,8.401,8.409,8.55,8.55,8.4,8.4,8.408,104333,877195.07,385
2019-01-14,8.445,8.55,8.595,8.701,8.423,8.423,8.552,102526,876821.43,250
2019-01-11,8.472,8.6,8.333,8.6,8.333,8.549,8.511,64949,552640.9,454
2019-01-10,8.35,8.408,8.38,8.445,8.25,8.333,8.37,63637,532637.61,488
2019-01-09,8.402,8.5,8.5,8.692,8.402,8.478,8.534,41938,357893.7,276
2019-01-08,8.494,8.55,8.5,8.54,8.447,8.52,8.497,11102,94335.69,129
2019-01-07,8.351,8.372,8.22,8.55,8.21,8.377,8.349,37720,314916.21,300
2019-01-04,8.195,8.2,8.16,8.35,8.1,8.2,8.196,48529,397737.3,279
2019-01-03,8.011,8.078,8.26,8.404,8.0,8.0,8.11,62031,503089.87,382
2019-01-02,8.25,8.3,8.18,8.3,8.111,8.25,8.225,45706,375934.58,493
2018-12-28,8.15,8.2,8.301,8.455,8.105,8.105,8.224,88127,724709.18,703
2018-12-27,8.45,8.5,8.575,8.7,8.238,8.238,8.412,52138,438732.6,384
2018-12-21,8.712,8.75,8.85,8.89,8.563,8.563,8.677,79691,691444.2,260
2018-12-20,8.89,8.975,8.999,8.999,8.819,8.89,8.894,110218,980211.82,260
2018-12-19,8.923,8.998,8.8,8.98,8.777,8.975,8.932,91085,813565.3,201
2018-12-18,8.921,8.999,8.939,8.95,8.75,8.75,8.8,62889,552551.38,218
2018-12-17,8.921,8.98,8.75,9.0,8.75,8.937,8.968,305582,2740449.12,404
2018-12-14,8.75,8.8,8.71,8.817,8.71,8.721,8.739,18107,158237.46,161
2018-12-13,8.72,8.799,8.85,8.872,8.707,8.732,8.759,19993,175109.71,189
2018-12-12,8.779,8.857,8.95,8.95,8.779,8.85,8.87,54569,483997.55,265
2018-12-11,8.9,8.949,8.978,8.98,8.7,8.7,8.882,47099,418912.75,268
2018-12-10,8.911,8.98,8.99,8.998,8.902,8.946,8.966,11352,101783.85,136
2018-12-07,8.94,8.99,8.95,8.973,8.918,8.95,8.949,22206,198766.01,259
2018-12-05,8.95,8.966,8.85,9.058,8.85,8.95,8.966,231972,2079950.65,178
2018-12-04,8.961,8.978,8.85,9.052,8.85,8.96,8.944,105405,942727.94,298
2018-12-03,8.901,9.0,9.3,9.3,8.895,9.012,9.122,151476,1381730.46,424
2018-11-30,9.187,9.28,9.19,9.28,9.05,9.23,9.227,158071,1458538.36,426
2018-11-29,9.112,9.2,9.0,9.203,8.96,9.19,9.161,51135,468306.06,216
2018-11-28,9.0,9.047,9.0,9.05,9.0,9.01,9.011,16809,151466.74,175
2018-11-27,9.017,9.05,9.014,9.1,9.0,9.005,9.022,26898,242686.85,271
2018-11-26,9.055,9.147,9.1,9.15,8.941,9.15,9.076,1080457,9806214.65,194
2018-11-23,9.05,9.2,9.14,9.2,9.05,9.05,9.102,25816,234984.05,133
2018-11-22,9.0,9.118,9.1,9.174,8.85,9.104,9.005,30159,271579.53,211
2018-11-21,8.97,9.093,9.18,9.18,8.85,9.174,9.115,65398,596091.47,237
2018-11-20,9.011,9.191,9.15,9.3,9.011,9.183,9.166,121204,1110900.33,92
2018-11-19,9.15,9.2,9.184,9.268,9.15,9.2,9.227,161347,1487368.57,356
2018-11-16,9.111,9.188,9.141,9.2,9.1,9.149,9.155,15108,138307.46,185
2018-11-15,9.101,9.177,9.25,9.272,9.022,9.17,9.217,47448,437321.59,239
2018-11-14,9.099,9.21,9.043,9.21,9.012,9.2,9.158,179854,1643688.4,279
2018-11-13,9.024,9.209,9.24,9.24,9.012,9.12,9.156,39021,357271.94,209
2018-11-12,9.299,9.42,9.06,9.42,9.012,9.25,9.157,71266,652540.81,228
2018-11-09,9.031,9.093,9.05,9.1,9.031,9.085,9.065,5092,46159.83,130
2018-11-08,9.063,9.141,9.137,9.148,9.05,9.106,9.103,11715,106640.47,76
2018-11-07,9.1,9.145,9.1,9.149,9.039,9.131,9.101,23646,215211.5,146
2018-11-06,9.02,9.08,9.0,9.1,8.95,9.056,9.017,14579,131459.08,104
2018-11-05,8.922,9.0,8.88,9.099,8.88,9.0,8.998,19121,172071.67,281
2018-11-02,8.929,9.029,8.955,9.11,8.88,8.88,8.928,28369,253359.47,206
2018-11-01,9.005,9.045,9.0,9.109,9.0,9.027,9.035,10114,91405.3,109
2018-10-31,8.998,9.015,8.944,9.099,8.89,9.099,9.055,69835,632318.24,304
2018-10-30,8.883,8.975,8.8,8.99,8.8,8.93,8.908,31568,281221.22,193
2018-10-29,8.891,8.92,8.861,9.0,8.815,8.815,8.836,27428,242357.82,150
2018-10-26,8.985,9.0,8.955,9.006,8.941,9.0,8.992,49025,440826.67,323
2018-10-25,8.951,8.99,8.85,9.12,8.85,8.951,8.973,12172,109221.89,142
2018-10-24,9.047,9.123,9.0,9.206,8.94,9.111,9.118,154929,1397680.48,196
2018-10-23,8.938,9.0,9.05,9.1,8.805,8.946,8.959,77037,690202.86,275
2018-10-22,9.113,9.173,9.135,9.2,9.001,9.166,9.155,20136,184340.97,127
2018-10-19,9.134,9.193,8.999,9.199,8.999,9.13,9.122,24602,224415.65,215
2018-10-18,9.062,9.137,9.27,9.27,9.082,9.082,9.174,63717,584559.99,314
2018-10-17,9.148,9.22,9.0,9.266,9.0,9.266,9.189,48554,446158.2,382
2018-10-16,8.98,8.992,9.321,9.321,8.92,8.92,9.009,55799,502706.58,402
2018-10-15,9.148,9.17,9.0,9.25,9.0,9.17,9.069,209366,1896589.41,353
2018-10-12,8.95,8.988,8.8,9.0,8.798,8.95,8.936,58593,523611.56,467
2018-10-11,8.819,8.903,9.1,9.1,8.758,8.758,8.878,82338,731053.99,477
2018-10-10,9.169,9.178,9.2,9.35,9.1,9.206,9.246,46852,433196.16,247
2018-10-09,9.301,9.344,9.287,9.49,9.264,9.295,9.349,50565,472718.29,299
2018-10-08,9.07,9.152,9.15,9.3,8.935,9.2,9.175,261755,2405792.5,325
2018-10-05,9.007,9.15,9.194,9.339,9.005,9.101,9.165,77891,713899.13,388
2018-10-04,9.251,9.3,9.35,9.369,9.18,9.18,9.243,46847,433027.42,585
2018-10-03,9.27,9.35,9.45,9.47,9.242,9.31,9.348,111201,1039631.29,227
2018-10-02,9.391,9.447,9.45,9.45,9.35,9.442,9.387,54325,509940.3,144
2018-10-01,9.383,9.448,9.495,9.495,9.357,9.401,9.419,50304,473825.82,284
2018-09-28,9.38,9.381,9.45,9.45,9.25,9.416,9.397,82731,777403.16,340
2018-09-27,9.405,9.437,9.5,9.51,9.4,9.408,9.454,21102,199500.06,154
2018-09-26,9.466,9.5,9.4,9.5,9.35,9.46,9.451,58675,554515.46,460
2018-09-25,9.353,9.447,9.6,9.6,9.35,9.45,9.409,15732,148019.56,245
2018-09-24,9.44,9.516,9.646,9.69,9.38,9.516,9.528,20618,196445.44,287
2018-09-21,9.33,9.366,9.39,9.646,9.25,9.646,9.638,878179,8463825.84,335
2018-09-20,9.305,9.395,9.386,9.4,9.213,9.4,9.388,56379,529304.98,385
2018-09-19,9.386,9.396,9.34,9.4,9.292,9.386,9.393,75236,706736.38,400
2018-09-18,9.333,9.344,9.35,9.4,9.286,9.38,9.377,41231,386624.24,366
2018-09-17,9.283,9.315,9.067,9.32,9.067,9.306,9.254,29309,271216.86,262
2018-09-14,9.268,9.288,9.39,9.4,9.067,9.067,9.225,70512,650445.21,703
2018-09-13,9.25,9.325,9.4,9.4,9.161,9.3,9.283,55525,515422.79,204
2018-09-12,9.3,9.399,9.21,9.395,9.192,9.315,9.315,18579,173070.38,123
2018-09-11,9.2,9.299,9.199,9.25,9.14,9.211,9.198,28943,266221.79,231
2018-09-10,9.216,9.318,9.369,9.37,9.05,9.05,9.206,44718,411801.79,253
2018-09-07,9.183,9.3,9.22,9.3,9.111,9.202,9.231,5769,53253.83,59
2018-09-06,9.131,9.199,9.27,9.3,9.111,9.2,9.207,53110,488979.94,115
2018-09-05,9.161,9.299,9.29,9.396,9.064,9.237,9.236,21015,194084.75,141
2018-09-04,9.201,9.279,9.32,9.358,9.096,9.292,9.271,28804,267037.33,84
2018-09-03,9.155,9.252,9.43,9.43,9.019,9.282,9.245,62031,573479.12,202
2018-08-31,9.291,9.355,9.427,9.45,9.257,9.4,9.407,173173,1629063.16,119
2018-08-30,9.35,9.39,9.41,9.51,9.355,9.355,9.428,27449,258779.45,145
2018-08-29,9.421,9.5,9.53,9.53,9.421,9.428,9.464,28399,268754.41,169
2018-08-28,9.451,9.474,9.45,9.53,9.45,9.53,9.522,36185,344547.8,138
2018-08-27,9.437,9.474,9.52,9.52,9.44,9.44,9.47,18026,170712.41,161
2018-08-24,9.408,9.45,9.55,9.749,9.395,9.427,9.509,34989,332701.01,233
2018-08-23,9.53,9.55,9.506,9.6,9.491,9.53,9.528,18969,180739.43,145
2018-08-22,9.5,9.57,9.499,9.57,9.46,9.506,9.504,20250,192445.99,57
2018-08-21,9.441,9.499,9.5,9.5,9.4,9.499,9.461,516155,4883130.82,109
2018-08-20,9.48,9.5,9.45,9.5,9.4,9.5,9.434,46337,437147.42,139
2018-08-17,9.4,9.429,9.32,9.45,9.228,9.45,9.389,27192,255308.7,126
2018-08-16,9.276,9.35,9.24,9.35,9.003,9.35,9.214,39526,364188.6,197
2018-08-15,9.18,9.242,9.155,9.298,9.145,9.233,9.19,191272,1757815.94,125
2018-08-14,9.201,9.329,9.13,9.263,9.13,9.263,9.216,313464,2888791.84,192
2018-08-13,9.202,9.292,9.4,9.4,8.964,9.318,9.224,320449,2955962.77,142
2018-08-10,9.3,9.35,9.35,9.4,9.27,9.4,9.359,10997,102922.62,41
2018-08-09,9.4,9.42,9.33,9.42,9.33,9.42,9.382,20190,189431.23,171
2018-08-08,9.278,9.3,9.24,9.3,9.2,9.3,9.276,13674,126844.28,75
2018-08-07,9.189,9.22,9.051,9.217,9.051,9.217,9.18,247231,2269595.21,23
2018-08-06,9.193,9.203,9.2,9.201,9.13,9.19,9.189,7746,71172.35,77
2018-08-03,9.171,9.2,9.239,9.239,9.15,9.2,9.202,17933,165023.75,43
2018-08-02,9.13,9.175,9.231,9.232,9.064,9.199,9.144,68621,627468.39,207
2018-08-01,9.071,9.169,9.051,9.18,9.051,9.14,9.13,48187,439954.55,177
2018-07-31,9.05,9.095,9.121,9.138,9.05,9.05,9.076,38834,352469.04,152
2018-07-30,9.15,9.19,9.216,9.25,9.1,9.1,9.126,29241,266851.52,111
2018-07-27,9.058,9.239,9.15,9.274,9.057,9.215,9.175,24497,224753.37,109
2018-07-26,9.056,9.15,9.1,9.28,9.06,9.06,9.092,77404,703960.23,215
2018-07-25,9.051,9.089,9.15,9.15,9.03,9.05,9.096,81882,744841.09,237
2018-07-24,9.001,9.099,9.072,9.092,8.969,8.969,9.08,172639,1567575.17,152
2018-07-23,9.06,9.1,9.06,9.1,9.0,9.0,9.039,2722,24603.0,38
2018-07-20,9.02,9.15,9.111,9.199,8.867,9.05,9.072,22611,205117.56,125
2018-07-19,9.16,9.2,9.25,9.25,9.15,9.164,9.211,10294,94818.23,49
2018-07-18,9.204,9.25,9.25,9.25,9.2,9.22,9.22,17787,163992.56,61
2018-07-17,9.173,9.199,9.15,9.2,9.11,9.2,9.159,114242,1046372.49,80
2018-07-16,9.112,9.15,9.2,9.2,9.101,9.16,9.15,37711,345059.2,113
2018-07-13,9.152,9.2,9.193,9.201,9.14,9.2,9.199,38997,358712.83,114
2018-07-12,9.18,9.2,9.15,9.2,9.013,9.2,9.062,140038,1269013.34,129
2018-07-11,9.138,9.2,9.219,9.25,9.094,9.13,9.151,16327,149396.09,99
2018-07-10,9.25,9.26,9.35,9.35,9.2,9.241,9.266,11296,104665.43,63
2018-07-09,9.328,9.399,9.354,9.4,9.298,9.35,9.347,45113,421661.18,188
2018-07-06,9.28,9.295,9.3,9.4,9.209,9.4,9.343,21707,202812.29,99
2018-07-05,9.231,9.239,9.1,9.299,9.05,9.289,9.132,125233,1143652.84,128
2018-07-04,9.079,9.089,9.036,9.1,9.024,9.05,9.051,19668,178022.94,83
2018-07-03,9.027,9.076,9.071,9.1,9.0,9.036,9.047,10444,94484.01,63
2018-07-02,8.983,9.0,9.05,9.1,8.98,9.071,9.042,55208,499172.59,149
2018-06-29,9.02,9.05,9.06,9.15,9.003,9.15,9.146,93064,851065.52,101
2018-06-28,8.933,9.0,8.9,9.095,8.88,9.044,9.019,87081,785405.56,161
2018-06-27,8.889,8.9,8.899,8.9,8.651,8.833,8.764,276344,2418579.8,248
2018-06-26,8.752,8.79,8.9,8.9,8.694,8.8,8.73,791201,6904759.61,1264
2018-06-25,8.814,8.847,9.05,9.197,8.754,8.85,8.852,1070190,9477141.71,1745
2018-06-21,8.981,8.998,8.775,9.1,8.76,9.05,9.032,4652971,42023266.66,2902
2018-06-20,8.72,8.739,8.7,8.75,8.594,8.75,8.657,583865,5053977.31,674
2018-06-19,8.59,8.62,8.772,8.772,8.58,8.62,8.634,94154,812932.95,195
2018-06-18,8.715,8.74,8.6,8.776,8.54,8.72,8.712,363400,3165829.67,419
2018-06-15,8.552,8.599,9.75,9.75,8.5,8.551,8.561,49760596,423089248.56,3389
